country,founded,id,industry,linkedin_url,locality,name,region,size,website
united states,,6DuiBlIWOYWP8MDTkS1VhQsz6JKX,hospital & health care,linkedin.com/company/rose-garden-subacute-&-rehabilitation-center-llc,pasadena,rose garden subacute & rehabilitation center llc,california,1-10,
united states,,befFD7CIo1ZXR86riGl4BgT1ja5l,hospital & health care,linkedin.com/company/russo-dental,brookfield,russo dental,wisconsin,1-10,russodentalbrookfield.com
united states,,WBvCshz8mAVfwVosXVaItwQIoIwH,hospital & health care,linkedin.com/company/hillregionalhospital,hillsboro,hill regional hospital,texas,51-200,hillregionalhospital.com
united states,,rj9KJVbvMYBj9JG8AhgplwD4v6PJ,hospital & health care,linkedin.com/company/minnesota-heart-clinic,burnsville,minnesota heart clinic,minnesota,11-50,
united states,2023,UY4QgTDOwDe28YPnkmrAjgNmK1Ta,hospital & health care,linkedin.com/company/thedivine-care-group,hartford,divine care group,connecticut,11-50,divinecaregroup.com
united states,1996,T9yy8iwurTs8U9RKcLC4vgiF8ZQc,hospital & health care,linkedin.com/company/precise-specialties-corporation,hillsboro,precise specialties corporation,illinois,11-50,
united states,,vjbHZzqG6UCEhrb6BBDXRQgFew5f,hospital & health care,linkedin.com/company/clc-altoona,altoona,clc altoona,iowa,1-10,
united states,,oRzmRT2nCCrfbuuBBvVbeABSvH74,hospital & health care,linkedin.com/company/craniosacral-institute-of-mi,rochester hills,craniosacral institute of mi,michigan,1-10,csiofmi.com
united states,,Bi0oSZ6fEGTLCc7DAetJdAeeuoFo,hospital & health care,linkedin.com/company/martinsville-henry-county-coalition-for-health-&-wellness,martinsville,martinsville henry county coalition for health & wellness,virginia,1-10,
united states,,Mn6rCID6HkpSjCTT967K3QpGlkUf,hospital & health care,linkedin.com/company/the-oaks-at-woodfield,grand blanc,the oaks at woodfield,michigan,1-10,
united states,,NKUNAOyWPOU1H3rzcBGeNA1CJ8yk,hospital & health care,linkedin.com/company/vegas-commercial-real-est-inc,las vegas,vegas commercial real est inc,nevada,1-10,
united states,,8CPxlqZBcBaiCAUOr1dCfQeRlkvx,hospital & health care,linkedin.com/company/grace-pointe-crossing-west,cambridge,grace pointe crossing west,minnesota,11-50,
united states,,yJiqBbzbUla5sNLfYDQjBwINE3iD,hospital & health care,linkedin.com/company/ryan-shelhamer,phoenix,ryan shelhamer,arizona,1-10,
united states,2022,aTnrsuxPCE9EsBNpI0FCRAifUqqZ,hospital & health care,linkedin.com/company/beyondwordsnj,freehold,"beyond words speech-language therapy services, llc",new jersey,1-10,slpbeyondwords.com
united states,,ptmZDB7HlXLwSPztygdZtQVI9kWW,hospital & health care,linkedin.com/company/plano-surgical-hospital-dba-marsh-lane-hospital-,plano,"plano surgical hospital dba marsh lane hospital,",texas,1-10,
united states,,nNuK99nD0EEXZOC4uYJBXQU4RBdz,hospital & health care,linkedin.com/company/monarch-plastic-surgery,overland park,monarch plastic surgery,kansas,1-10,monarchps.com
united states,,FOVozTLhkC0CjFIV3hE2ywpUTX02,hospital & health care,linkedin.com/company/baskin-robbins-ice-cream,hernando,baskin robbins ice cream,mississippi,51-200,
united states,,OSeCo2ewxQC0CTU80ac1BALABsy1,hospital & health care,linkedin.com/company/rachel’s-hope,austin,rachel’s hope,minnesota,11-50,rachelshopemn.com
united states,,SzC1xPiZGm4VtED3DrpAvgJwI553,hospital & health care,linkedin.com/company/brightstar-care-of-brunswick-new-hanover,leland,brightstar care of brunswick/ new hanover,north carolina,1-10,
united states,2019,okwniJXngBCw499qiFtNwQGaHC3g,hospital & health care,linkedin.com/company/tempo-billing,reno,tempo billing,nevada,11-50,tempobilling.com
united states,,Iv9UBYWBX0LTNgVL0lLTXg16rftz,hospital & health care,linkedin.com/company/hillcrest-care-&-rehabilitation,prescott,hillcrest care & rehabilitation,arkansas,1-10,
united states,,PQyDxOm7VAJZIZxU4glH3gmnpVFu,hospital & health care,linkedin.com/company/sullivan-county-sheriff's-dept,monticello,sullivan county sheriff's dept,new york,1-10,
united states,,LioQuVCLMeAxie1pg1kUSQZnupab,hospital & health care,linkedin.com/company/beauty-brands-salon-spa-super,topeka,beauty brands salon spa super,kansas,1-10,
united states,,vB6K5xjls5fyrUBOrZgYbAqkLlSf,hospital & health care,linkedin.com/company/in-your-golden-years-llc,bay city,"in your golden years, llc",michigan,1-10,inyourgoldenyears.com
united states,,XEBVClu8klR0aprfi5WTBQd63mXj,hospital & health care,linkedin.com/company/tri-state-orthopedic-institute-p.c.,bullhead city,"tri-state orthopedic institute, p.c.",arizona,11-50,arizonajointreplacement.com
united states,2013,vjJrFCrHjIl36ljuSW4txAsVXOzM,hospital & health care,linkedin.com/company/az-alliance-physical-therapy,scottsdale,az alliance physical therapy,arizona,1-10,azalliancept.com
united states,,RhQKCcKEPOCrw0bZBAClNQlqhrAe,hospital & health care,linkedin.com/company/professional-nurse-consultants,trenton,professional nurse consultants,new jersey,11-50,consultanurse.tripod.com
united states,2006,RajcKwIi3WrjBk7djI6jlgZRbDHY,hospital & health care,linkedin.com/company/grandview-health-at-home,el paso,grandview health at home,texas,11-50,grandviewathome.com
united states,,Lu7kLnrt3u3EwzKS4sACsg58DMKd,hospital & health care,linkedin.com/company/kingsley-physical-therapy-p.l.l.c.,kingsley,"kingsley physical therapy, p.l.l.c.",michigan,1-10,kingsleyphysicaltherapy.com
united states,,KL53HBB8S7GOdm89wPppDwIHPPDe,hospital & health care,linkedin.com/company/hunt-regional-community-hospital,commerce,hunt regional community hospital,texas,51-200,
united states,,RLp5eHsqZ5BX8XaMU2QyrAcoqMuG,hospital & health care,linkedin.com/company/st-denis-school,havertown,st denis school,pennsylvania,51-200,stdenisschool.org
united states,,a4CXFAjBCr4HB249oXxDeAtiL1YS,hospital & health care,linkedin.com/company/community-wellness-partners-,new hartford,community wellness partners,new york,501-1000,communitywellnesspartners.org
united states,2024,cQlEq9g9IicyE7tg2fCMagHvgKcs,hospital & health care,linkedin.com/company/tsnb,los angeles,ts&b,california,1-10,tsnb.us
united states,1914,zehJ8pKt4CwHty5LB8kMew27TIpk,hospital & health care,linkedin.com/company/winneshiek-medical-center,decorah,winnmed,iowa,201-500,winnmed.org
united states,,qtrkFx5p9sK8Qs4LkA1lCA2NOKt6,hospital & health care,linkedin.com/company/the-piper-life,kansas city,the piper,kansas,51-200,
united states,,plnCzp89FCXdk0dCOGh7gwnWuaRF,hospital & health care,linkedin.com/company/kalamazoo-county-health-and-community-services-lab,kalamazoo,kalamazoo county health and community services lab,michigan,11-50,
united states,,BdakZCnYvDdkBqL4GCQoKwGhgmZm,hospital & health care,linkedin.com/company/bay-creek-dental,plymouth,bay creek dental,minnesota,11-50,baycreekdental.com
united states,,I2A0dCyIxKcDK6wWBKCRpwJZvzSH,hospital & health care,linkedin.com/company/ny-presbyterian-healthcare,flushing,ny presbyterian healthcare,new york,51-200,
united states,2000,xYzMFuTFjdIqQgxeRq5tNQFZR9NF,hospital & health care,linkedin.com/company/medone-hospital-physicians,columbus,medone healthcare partners,ohio,51-200,medonehp.com
united states,,Y9noByVYvu364hwf4Ivn9Q92NcJV,hospital & health care,linkedin.com/company/community-care-physicians-pc---urology,latham,"community care physicians, pc - urology",new york,1-10,
united states,,220VTUtwgFj1ikKh0jzNDQVXZb7X,hospital & health care,linkedin.com/company/kim's-medical-clinic-dr,bakersfield,"kim's medical clinic, dr",california,1-10,
united states,,JUUF4sjP2gpXHszGBNbGfAldwCuy,hospital & health care,linkedin.com/company/senior-housing-resource-corporation,staten island,senior housing resource corporation,new york,1-10,
united states,,ZXD4BsOvC6C5UGiPJhXQ1g3SLQrj,hospital & health care,linkedin.com/company/arcc-home-care-agency,park ridge,arcc home care agency,illinois,1-10,arcc-homecare.com
united states,,HnhtvDWzCIgtPHdOeOeLTQfVlYyB,hospital & health care,linkedin.com/company/clinic-for-rheumatic-diseases,tuscaloosa,clinic for rheumatic diseases,alabama,1-10,
united states,,QUsfQQNSTlvvrKMEjiCvFgxUi3Wc,hospital & health care,linkedin.com/company/kebab-palace,austin,kebab palace,texas,1-10,
united states,,KZtZs5ztQRJ8Bo75hGFjLgZCnP6Z,hospital & health care,linkedin.com/company/dallastown-nursing-centre,dallastown,dallastown nursing centre,pennsylvania,11-50,dallastownnursingcenter.com
united states,,jYkzKC80qjM56hEZafFLVw3LjK6j,hospital & health care,linkedin.com/company/pine-grove-gentle-path,hattiesburg,pine grove gentle path,mississippi,11-50,
united states,,hdtUxsbZzUlPGeOrCom36gqevTYe,hospital & health care,linkedin.com/company/chest-medicine-consultants,skokie,chest medicine consultants,illinois,11-50,
united states,,lrhTngeJ6BEJdflhwJUIswm3imHV,hospital & health care,linkedin.com/company/james-business-consulting,whiteford,james business consulting,maryland,1-10,
united states,,gGeYvl3rUPyJZ0hxkunRJQTHybq2,hospital & health care,linkedin.com/company/angelo-civic-theatre,san angelo,angelo civic theatre,texas,11-50,angelotheater.com
united states,,gMnDmng8gFgKLyUeurGDuwL7n36z,hospital & health care,linkedin.com/company/otsego-lake-state-park,gaylord,otsego lake state park,michigan,1-10,
united states,,XSEGHO5RsZJZFFKRRnmo7AO8Sapa,hospital & health care,linkedin.com/company/jefferson-alcoholic-foundation-inc,birmingham,jefferson alcoholic foundation inc,alabama,1-10,jeffersonalcoholicfoundation.org
united states,1991,Pg1gx9cGCGvea2l3Oo8oxga4Kd9H,hospital & health care,linkedin.com/company/health-billing-systems,plymouth,"health billing systems, llc",minnesota,51-200,healthbilling.net
united states,,UH6WgoEnyLnvmPVn7UXOAQFwCpc2,hospital & health care,linkedin.com/company/alta-home-health-care,whitehall,alta home health care,ohio,51-200,altahomehealth.com
united states,,8vrZ5Bbr9cEz9XpXw57LyATYKTBp,hospital & health care,linkedin.com/company/optimalaire,minden,optimalaire,nevada,1-10,optimalaire.com
united states,,1BMgzzB7sag1qNAwZQSeWweXHmo0,hospital & health care,linkedin.com/company/pineview-estates,miamisburg,pineview estates,ohio,1-10,pineview-estates.com
united states,,Qse8CkV7wHiV4f0sXkAgBgfoRaFc,hospital & health care,linkedin.com/company/true-orthopedics-llc,westminster,true orthopedics llc,colorado,1-10,
united states,2015,0LCJOPWbYnuxNpQ1j951rQbf3ZLV,hospital & health care,linkedin.com/company/healthitstrategy,knoxville,healthitstrategy,tennessee,1-10,healthitstrategy.com
united states,,2LtyBniZ7Xd4QZbdHkrGxAkONNsE,hospital & health care,linkedin.com/company/northern-gaming-inc,aberdeen,northern gaming inc,south dakota,1-10,
united states,,vHaNcUqUTkl7le84YpqPFwghEasJ,hospital & health care,linkedin.com/company/infinitel-global-development,chicago,infinitel global development,illinois,1-10,
united states,2016,a4wBIjzYR52g3Wb5wFZTOQ453DnK,hospital & health care,linkedin.com/company/lincolnshinedental,chicago,lincoln shine dental,illinois,1-10,lincolnshinedental.com
united states,2020,Q0LG2a0DLkyLTXxMKprXsg7x2EEs,hospital & health care,linkedin.com/company/hospice-and-palliative-care-of-california,pasadena,hospice and palliative care of california,california,1-10,california-hospice.com
united states,2011,fmgRGkWRcivZhVmnY7B35g4A7tGq,hospital & health care,linkedin.com/company/home-care-matters-forsyth-ga,milner,home care matters forsyth ga,georgia,51-200,
united states,,KQFHav6Sct6tl9871CCD1ANYrpa2,hospital & health care,linkedin.com/company/bremen-family-medicine,bremen,bremen family medicine,indiana,1-10,
united states,,5lbrzSDS9PrxSwo2qv3uEgu4plyw,hospital & health care,linkedin.com/company/josephine-ford-cancer-ctr,trenton,josephine ford cancer ctr,michigan,1-10,
united states,,MgMJx3GNVK1B136KjvCJuQ8LkqCf,hospital & health care,linkedin.com/company/lighthouse-therapy,antlers,lighthouse therapy,oklahoma,1-10,
united states,1995,ndkT9xbhVDHpo6nVnVi1BAsx3Ryy,hospital & health care,linkedin.com/company/cottagewood-senior-communities,rochester,cottagewood senior communities,minnesota,201-500,cottagewoodseniorliving.com
united states,,x3BGeF6EarbxBIKCXzkBJgfxQvmo,hospital & health care,linkedin.com/company/mobile-imaging-group-p.c.,maryville,"mobile imaging group, p.c.",tennessee,1-10,
united states,,VHEctaS3HjVtLLH3qBkskwtwppU1,hospital & health care,linkedin.com/company/anchor-house-ministries-inc,auburndale,anchor house ministries inc,florida,11-50,anchor-house.org
united states,,A5ZACbBtuag1gJEauIBMggvCQviK,hospital & health care,linkedin.com/company/bestmed-home-health-services,houston,bestmed home health services,texas,1-10,
united states,,KmiqKmKa1YXHrifDz63wBQ0GeFfw,hospital & health care,linkedin.com/company/robert-m-schneider-md-pc,coxsackie,"robert m schneider md, pc",new york,1-10,
united states,,j0b9ociiKWFZB32ZNHHkXwVHdK0D,hospital & health care,linkedin.com/company/usa-dentac,fort stewart,usa dentac,georgia,51-200,
united states,2005,KG1C6YNZaDqiCtH0a95YKwcIcvar,hospital & health care,linkedin.com/company/comprehensive-prosthetics-&-orthotics,peoria,comprehensive prosthetics & orthotics (cpo),illinois,51-200,cpousa.com
united states,2020,MCTDPQMJGNuQaCoPmnjyegGrhpXh,hospital & health care,linkedin.com/company/elysium-medical-inc,,elysium medical inc.,new jersey,11-50,
united states,,CsR6ufgndBvd5EH1dpLPMgNDIAWr,hospital & health care,linkedin.com/company/allegiance-benefit-plan-management-inc-,missoula,"allegiance benefit plan management, inc.",montana,51-200,abpmtpa.com
united states,,74CMO8LIZd6XJRQnOCM4SwM7THfS,hospital & health care,linkedin.com/company/perry-physical-therapy-inc,morrice,perry physical therapy inc,michigan,1-10,perrypt.com
united states,,VIB6MzCyypVoBZ9Ss5lCKw45i3qP,hospital & health care,linkedin.com/company/hidden-valley-health-care,oak hill,hidden valley health care,west virginia,1-10,hiddenvalleyhealthcare.com
united states,,WjR8gGysQ9UYlG29jek8wgY8tn6v,hospital & health care,linkedin.com/company/avenues-specialty-clinic,salt lake city,avenues specialty clinic,utah,1-10,
united states,,NP12HxYRBL07tPlJ5o3hfA06VEPm,hospital & health care,linkedin.com/company/hillspring-health-care-of-springboro,springboro,hillspring health care of springboro,ohio,1-10,
united states,,Ad1OFyyyzPnX4iX8HloQ1wXMFDwO,hospital & health care,linkedin.com/company/bethlehem-endoscopy-ctr,bethlehem,bethlehem endoscopy ctr,pennsylvania,1-10,bethendo.com
united states,1997,0Tmj04AKHo66iVXL3UChVgfCPEE3,hospital & health care,linkedin.com/company/integrity-medical-management-solutions,traverse city,integrity medical management solutions,michigan,1-10,integritymms.com
united states,,B1FxrBMjRXMwqB9Z2WKOxwdYQXM8,hospital & health care,linkedin.com/company/alexander-menning,troy,alexander menning,michigan,1-10,
united states,2006,gC7Lmix16BjhNh9fqLdbiwHGWTG8,hospital & health care,linkedin.com/company/merino-adult-family-care-home-llc,windermere,merino adult family care home llc,florida,1-10,merinoafch.com
united states,2020,r9CFaDHBUhdLxq9FW3saSgeJH16M,hospital & health care,linkedin.com/company/medical-supply-advisors,stuart,medical supply advisors,florida,1-10,medsupplyadvisors.com
united states,,zYfnG365PLxn4KTHCg4S5gQentBV,hospital & health care,linkedin.com/company/alhl-llc,lodi,"alhl, llc",california,1-10,
united states,2007,B9cBqnAwU69pLCjQ9MMcZw0AGboP,hospital & health care,linkedin.com/company/victoria-hospice-services-inc,west hollywood,"victoria hospice services, inc",california,11-50,victoriahospiceservices.com
united states,2012,x3cIORwLfQBkH3Sh5LyBBgfvOacC,hospital & health care,linkedin.com/company/adherence-group,auburn,adherence group,washington,1-10,adherence.la
united states,2018,KHdti4P2CBkeFyew5Fip2webdx8N,hospital & health care,linkedin.com/company/cedar-hospice-inc.,sugar land,cedar hospice inc.,texas,11-50,
united states,,Cr20fwbDQatVmjv9hjUeEw6G7pEN,hospital & health care,linkedin.com/company/walden-ambulance-corp-dba-town-of-montgomery,walden,town of montgomery ambulance,new york,1-10,montgomeryambulance.org
united states,1985,fd6BuNnF7recfearnlF7FwpnLK4o,hospital & health care,linkedin.com/company/mednet-medical-billing,albuquerque,mednet medical billing and coding,new mexico,11-50,mednetinc.com
united states,2019,iOZhwzM4lJWyraJ1vGrXagugkxVp,hospital & health care,linkedin.com/company/storyline-health,salt lake city,storyline health,utah,11-50,storylinehealth.com
united states,,TGqKBCMwCqcXirKD9r5K7gsILPT8,hospital & health care,linkedin.com/company/midcoast-womens-healthcare,brunswick,midcoast womens healthcare,maine,11-50,
united states,2013,Y2241ddyj5hDq37A3f9JBAYczcRg,hospital & health care,linkedin.com/company/bend-memory-care,portland,bend memory care,oregon,11-50,bendmemorycare.com
united states,,JVNaXHSD5CKXyx6SzbQ76ArLHhxi,hospital & health care,linkedin.com/company/woodlands-oral-&-maxillofacial-surgery-pc,flagstaff,"woodlands oral & maxillofacial surgery, pc",arizona,1-10,woodlandsoms.com
united states,,g4altBkfpVveOCRf3PjliQ9FvQmq,hospital & health care,linkedin.com/company/methodist-texsan-hospital,san antonio,methodist texsan hospital,texas,51-200,
united states,,xzC7VYH1cPtrGh4vk9lIGwnIQkKH,hospital & health care,linkedin.com/company/council-for-a-better-la,baton rouge,council for a better la,louisiana,1-10,cabl.org
united states,,5eqXxrPA2wwTB61X3rC97gecRjHJ,hospital & health care,linkedin.com/company/east-los-angeles-doctors-hospital,,east los angeles doctors hospital,,201-500,eladoctorshospital.com
united states,,NYIcsDdU3iBh7CgRHFD5PQWajoQn,hospital & health care,linkedin.com/company/concern-home-care,jamaica,concern home care,new york,1-10,
united states,2009,HOrgEmIBW6kD0FVq6wN7Bwo5NC1Z,hospital & health care,linkedin.com/company/life-transitions-treatment,minneapolis,life transitions treatment,minnesota,51-200,lifetransitionstreatment.com
united states,1997,uurlmoquwi1AwZ2zScMydgHeQUz3,hospital & health care,linkedin.com/company/the-south-boston-collaborative-center-inc,boston,the south boston collaborative center,massachusetts,1-10,southbostoncollaborativecenter.org
united states,,8RNumzwCwT800QjScYKsywXGwLVe,hospital & health care,linkedin.com/company/huntington-place-care-and-rehabilitation-center,rockledge,huntington place care and rehabilitation center,florida,1-10,
united states,2010,fSDx9ab5eOK4QbKSRmrv2QOtAnfD,hospital & health care,linkedin.com/company/isabella-citizens-for-health-inc,mount pleasant,isabella citizens for health inc,michigan,1-10,isabellahealth.org
united states,,dLUCsb1Szy9zNbIXtB6dLgt99Mpc,hospital & health care,linkedin.com/company/tremont-nursing-center,tremont,tremont nursing center,pennsylvania,1-10,
united states,,DSyIjUqpwJ1BihCf46cxOQK26Ghl,hospital & health care,linkedin.com/company/getelitecare,orangevale,"elite health care, llc",california,11-50,elitehomehealthservices.org
united states,,J65shltIO6OZJuqd4GucbgRHtxkc,hospital & health care,linkedin.com/company/blaney-vision-center,corry,blaney vision center,pennsylvania,1-10,
united states,,LFvZICC6lF3WVwEaXAHlXw4WY9CD,hospital & health care,linkedin.com/company/mckemie-technical-consulting,dallas,mckemie technical consulting,texas,1-10,
united states,2011,BGQ77wB38ubE3hNx1XIw8gUutWTu,hospital & health care,linkedin.com/company/institute-of-healing-arts-and-films-inc,kenneth city,institute of healing arts and films inc,florida,1-10,instituteofhealingartsandfilms.org
united states,,HyNNAj5p1Qv9vj5m2Bmc7Q68cT4t,hospital & health care,linkedin.com/company/marc-n-loundy-do-inc,dayton,marc n loundy do inc,ohio,1-10,
united states,2015,TBgSh325BE53qPdo5OvUzAt3licU,hospital & health care,linkedin.com/company/noble-healthcare,louisville,noble healthcare,kentucky,51-200,noble-hc.com
united states,2018,AWdNqeDuvb3W6VGfVD9XUQWTH9e5,hospital & health care,linkedin.com/company/medbaye,maynard,medbaye inc,massachusetts,1-10,medbaye.com
united states,,P4SnHvi36OJH3VyZfiki5wTdNKVu,hospital & health care,linkedin.com/company/stroud-health-care-center-south,stroud,stroud health care center south,oklahoma,1-10,iaf.net
united states,,vCoNOfkhVrdOaC4Wpl5DIg5r8OwB,hospital & health care,linkedin.com/company/olympian-moving-&-storage,elyria,olympian moving & storage,ohio,1-10,
united states,,r2g2vkKd3FqzeSUM6rDfMQHz7p5n,hospital & health care,linkedin.com/company/lake-point-health-center,rockwall,lake point health center,texas,11-50,
united states,,hVprUpkIxM2NSSXw7w9QuwCggLvZ,hospital & health care,linkedin.com/company/sterling-living-center,sterling,sterling living center,colorado,1-10,
united states,,DIq3CgZe7Om64fZfdfPiJgCw05mc,hospital & health care,linkedin.com/company/waveland-rcm,tampa,wave hdc - healthcare data curation,florida,11-50,wavelandrcm.com
united states,,4KOaoCKssTBxd6ovR1DNiwoXxfP2,hospital & health care,linkedin.com/company/justin-andrew-rose,east norriton,justin andrew rose,pennsylvania,1-10,
united states,,gFAoUOqcXj0DwcmMXqSNBwT14pAX,hospital & health care,linkedin.com/company/board-of-trustees-ust-&-crd-&-ww-local-union-317-welfare-trust-fund,baton rouge,board of trustees ust & crd & ww local union 317 welfare trust fund,louisiana,1-10,
united states,,AxPl5AFewrO15UVFduYESwqtPHcI,hospital & health care,linkedin.com/company/tech-air-systems,danvers,tech air systems,massachusetts,11-50,
united states,2002,7HKuvm66dgkO0Q8bjNxJswpy3F4A,hospital & health care,linkedin.com/company/absolute-medical-equipment,garnerville,absolute medical equipment,new york,11-50,absolutemed.com
united states,,Z5Bw4dDQnOMZTBdiAtpT3wRjUJ0g,hospital & health care,linkedin.com/company/community-hospital-health-promotion,indianapolis,community hospital health promotion,indiana,1-10,
united states,,ZqGmIPQV09LcpC3TKNxptgNFONJ1,hospital & health care,linkedin.com/company/agape-medical-center,torrance,agape medical center,california,11-50,meritauto.com
united states,,mJst4Y9hriCN6XQzzjuzAwRsCwXf,hospital & health care,linkedin.com/company/coastal-children's-clinic-maysville,maysville,coastal children's clinic maysville,north carolina,1-10,
united states,,ohuptr9OCEC87wKK7jjsbg2OpYEl,hospital & health care,linkedin.com/company/perhaps-today-ministries-international-inc,etters,perhaps today ministries international inc,pennsylvania,1-10,perhaps-today.com
united states,,yktcPFxnojka8DuUy0PfXwOC5TOe,hospital & health care,linkedin.com/company/haywood-surgical-associates-pllc,clyde,haywood surgical associates pllc,north carolina,1-10,haywoodsurgicalassociatespllc.com
united states,,jnCwg4HCBAHAPYzW8WqI3w04NSHw,hospital & health care,linkedin.com/company/madison-rehabilitation-center-inc-,mechanicsburg,"madison rehabilitation center, inc.",pennsylvania,11-50,
united states,,jrYoTYH8xVAyUW7DSFU1zgNKjRqN,hospital & health care,linkedin.com/company/preferred-care-at-hamilton,trenton,preferred care at hamilton,new jersey,51-200,pchamilton.com
united states,,YZmZjHB4Jh7QmHT2CM5pvAD4xGAU,hospital & health care,linkedin.com/company/virginia-beach-ob-&-gyn-pc,virginia beach,virginia beach ob & gyn pc,virginia,1-10,
united states,2020,JRiqJZnpVe0dft2sVl94PgmwyDCf,hospital & health care,linkedin.com/company/arcpoint-labs-of-weston-florida,weston,"arcpoint labs of weston, fl",florida,1-10,
united states,,ycngA70l45rnHVLF5Ove3A6kwHgz,hospital & health care,linkedin.com/company/dekalb-health-medical-group,auburn,dekalb health medical group,indiana,11-50,
united states,,qmsnWZ0m0rFnz4KWoKOfCA4mP4pj,hospital & health care,linkedin.com/company/billings-retina-and-macula-at-eye-physicians-and-surgeons-montana,billings,billings retina & macula at eye physicians and surgeons,montana,11-50,billingsretinaandmacula.com
united states,,SkSz0jQr00TuurviTAS9Vga3OnmG,hospital & health care,linkedin.com/company/central-texas-life-care,san marcos,central texas life care,texas,1-10,txlifecare.org
united states,,8p7s0nHpLb4CXtgB3hu2jwbNjzbn,hospital & health care,linkedin.com/company/vip-global-care,newport beach,vip global care,california,1-10,vipglobalcare.com
united states,,fV6Pe5TYwWQV86T3oRrEMAmSAsd1,hospital & health care,linkedin.com/company/texas-department-of-public-health,temple,texas department of public health,texas,1-10,
united states,2020,KY7CvT9KTj4DgylGjeB2qQtOn8KF,hospital & health care,linkedin.com/company/terrapin-speech-institute,davidsonville,terrapin speech institute,maryland,1-10,sites.google.com/terrapinspeechinstitute.com/tsi
united states,2005,tcH9h17CSS5hqGdJXNTgMAHWY7Rh,hospital & health care,linkedin.com/company/mylife-inc.,wheaton,"mylife, inc.",illinois,51-200,mylifeathome.com
united states,2017,UUZlRCdGB4VSki3RRyHPBQzeTBYQ,hospital & health care,linkedin.com/company/evanoff-dental,muskegon,evanoff dental,michigan,1-10,evanoffdental.com
united states,,DvdiF0ql2hCQxQEuSBSzlw3ohBjZ,hospital & health care,linkedin.com/company/centralcarolinasurgery,greensboro,central carolina surgery,north carolina,51-200,centralcarolinasurgery.com
united states,,A4534Vxo2kKVCWpjAsDMYgKAFQOO,hospital & health care,linkedin.com/company/prime-care-pediactrics,lancaster,prime care pediactrics,south carolina,1-10,
united states,2015,UTOdtVkOVtNEVVZI0KFMVwfST73q,hospital & health care,linkedin.com/company/sunset-toxicology-llc,los angeles,"sunset toxicology, llc",california,11-50,sunsettoxicology.com
united states,2021,E3We7I4M5xhY0BzXFzQExQjfYoqE,hospital & health care,linkedin.com/company/premier-health-human-services,harrisburg,premier health and human services,pennsylvania,1-10,premierhealthhs.com
united states,,UsmuBI6BUw1ifClNdkI7ywaW0A1w,hospital & health care,linkedin.com/company/mockingbird-dental-group-pc,dallas,"mockingbird dental group, pc",texas,1-10,mockingbirddentalgroup.com
united states,,ohsvvaGQ2m4CJmz8kD3gPABIQdji,hospital & health care,linkedin.com/company/las-vegas-colon-hydrotherapy-s,las vegas,las vegas colon hydrotherapy s,nevada,1-10,lasvegascolonhydrotherapy.com
united states,,iFl2rBdzEiqKZpbPquHBfAmVDnhl,hospital & health care,linkedin.com/company/manatee-river-medical,nokomis,manatee river medical,florida,1-10,manateerivermedical.com
united states,2021,vTJZW6f25rugJYIpxdtuCwOUymVU,hospital & health care,linkedin.com/company/prn-hospice,van nuys,prn hospice,california,11-50,prnhospice.com
united states,,wCfkJoNHeHRMNB8Da2v4Fw1adMnc,hospital & health care,linkedin.com/company/rehab-services-of-ne-la-llc,bossier city,"rehab services of ne la, llc",louisiana,1-10,
united states,,QQVCEtkY3rEXiPxEMcBN7QsYiO0S,hospital & health care,linkedin.com/company/neighborcare-professional-pharmacies,baltimore,neighborcare professional pharmacies,maryland,1-10,
united states,,DC3FeBjBLqogGnOJtWmLkwxmihEX,hospital & health care,linkedin.com/company/go-ye-village-health-care,tahlequah,go ye village health care,oklahoma,1-10,
united states,,Mz8XWVPtj5Hjr90O2ZIDOAzSF8PY,hospital & health care,linkedin.com/company/updatedpatient,san diego,updatedpatient,california,1-10,updatedpatient.com
united states,1918,Tnihnq2pBpzBYLWGCZxKvQx9GpNF,hospital & health care,linkedin.com/company/tra-medical-imaging,tacoma,tra medical imaging,washington,201-500,tranow.com
united states,,BVcCkdp0PL6JawHHVs1CZg6Yfv7R,hospital & health care,linkedin.com/company/meet-vivid-health,new york,vivid health,new york,1-10,vividhealth.ai
united states,2000,l4GmKdbg2xfsDWVAMn7bdgMxzcex,hospital & health care,linkedin.com/company/jason-j.-kim-oral-design-new-york-center,los angeles,jason j. kim oral design new york center,california,11-50,jasonjkim.com
united states,,ME9WzE8N2izU6EhgYspC4QWRZKxL,hospital & health care,linkedin.com/company/bodiford-eye-ctr,clarksville,bodiford eye ctr,arkansas,1-10,
united states,,NCedPfX9JRktMYTw21oLcwyWDjrl,hospital & health care,linkedin.com/company/paul-kroh-inc,canton,paul kroh inc,ohio,11-50,paulkrohtherapy.com
united states,2021,9sLpvYzv87BRyv16Hh1AQQuT5smI,hospital & health care,linkedin.com/company/egnite-health,aliso viejo,egnite health,california,11-50,egnitehealth.com
united states,,VH102MTeTH9nmbkKPGXyygFtQ5W7,hospital & health care,linkedin.com/company/montgomery-children's-specialty-center-llc,montgomery,"montgomery children's specialty center, llc",alabama,1-10,montgomerychildrenscare.com
united states,2015,Ua9vVtiz78sC0F71jlhrrQq8Ydzd,hospital & health care,linkedin.com/company/advocate-community-providers-acp-,new york,somos community care,new york,51-200,somoscommunitycare.org
united states,,Q6hTKUkBqWrrBmOdefyJ3QTXsHyo,hospital & health care,linkedin.com/company/heartland-of-bucyrus,bucyrus,heartland of bucyrus,ohio,1-10,
united states,2018,6xqg5FabCbiPt2VMAIgehw6JgmzM,hospital & health care,linkedin.com/company/next-step-prosthetics-charlotte,charlotte,next step prosthetics,north carolina,1-10,nextstepcharlotte.com
united states,,zeJThbf6iNd0fBAuKnDnkQVzz1hX,hospital & health care,linkedin.com/company/island-heights-pediatrics,staten island,island heights pediatrics,new york,11-50,
united states,2015,c7cGG1nxKwQiz6dnCymErQGLIM6j,hospital & health care,linkedin.com/company/victory-health-system-inc.,newnan,"victory health system, inc.",georgia,1-10,victoryhealthsystem.org
united states,,oEzySCaNQsGUHc53LjHunA2umGYW,hospital & health care,linkedin.com/company/uhhs-richmond-heights-hospital-inc,richmond heights,"uhhs richmond heights hospital, inc",ohio,201-500,
united states,,PBoYYdLe5n2DianjFSDCBAHvC719,hospital & health care,linkedin.com/company/rhode-island-medical-center-llc,east greenwich,rhode island medical center llc,rhode island,1-10,
united states,,bFwv0qYckgcjGjyCjLSVVAusJoWl,hospital & health care,linkedin.com/company/healthcare-procurement-solutions,atlanta,"healthcare procurement solutions, llc",georgia,51-200,healthcareprocurement.com
united states,,Qd0yDHhmpI8srIA5aSSg7w4Riw6S,hospital & health care,linkedin.com/company/dcfs-hq,los angeles,dcfs hq,california,11-50,
united states,,fnzxbKqrjjx3JhkS0TpHDgNBRO0K,hospital & health care,linkedin.com/company/social-service-employees-union,new york,social service employees union,new york,1-10,
united states,1969,sG0bwHpBeXPQQ6nzwM9QMQgGtqOT,hospital & health care,linkedin.com/company/park-gardens-rehabilitation-and-nursing-center-llc,bronx,park gardens rehabilitation and nursing center llc,new york,201-500,parkgardensrnc.com
united states,2020,y8FYdLRymtkYEtC5Yp2n0wljE4SX,hospital & health care,linkedin.com/company/sterile-ally-inc,oakland,sterile ally inc.,tennessee,1-10,sterileally.com
united states,2011,s5SNjP7k532p1WynIDe27wLVX9oW,hospital & health care,linkedin.com/company/park-royal-hospital,fort myers,park royal hospital,florida,51-200,parkroyalhospital.com
united states,,WlF4EEO0tD0zBdmMXD6N3gjKfbv2,hospital & health care,linkedin.com/company/malik-medical-practice,philadelphia,malik medical practice,pennsylvania,1-10,
united states,2012,hE9Cv1iyIWvT00f3PCuaDAPz6ivw,hospital & health care,linkedin.com/company/signal-health-group-skilled-hospice-care-las-vegas-nv,las vegas,"signal health group, skilled & hospice care las vegas, nv",nevada,11-50,
united states,,D9fD8GnQ544J1LC5AsbE9wkvL8yZ,hospital & health care,linkedin.com/company/lumina-healthcare,,lumina healthcare,,1-10,
united states,,YcEe0FAfEz3XsWxrxGiL2AYL8JY5,hospital & health care,linkedin.com/company/hill-country-comm-clinic,round mountain,hill country comm clinic,california,1-10,
united states,,00CjVWKtiDBIxgJ4aT0CsQncwKjm,hospital & health care,linkedin.com/company/live-oak-therapy,seabrook island,live oak therapy,south carolina,1-10,
united states,,dklPBijmzKfZ7hCLgOsOFAXsPI0s,hospital & health care,linkedin.com/company/gilbert-psychological-services-llc,grand rapids,"gilbert psychological services, llc",michigan,1-10,
united states,,3w16eBsCmgwt82llGm6KBQTDFP3A,hospital & health care,linkedin.com/company/kensington-nursing-llc,kensington,"kensington nursing, llc",maryland,1-10,
united states,,I28M5YiC9qBxkfleFVi6OQ2AScWZ,hospital & health care,linkedin.com/company/tying-up-loose-ends,los angeles,tying up loose ends,california,11-50,tyinguplooseends.net
united states,,9UnSGIw07pDO9onmWsas5A35kx1g,hospital & health care,linkedin.com/company/olu-onisile,phoenix,olu onisile,arizona,1-10,
united states,1997,eAtABaYsNDAnGwgoeZMDxQFsBIUJ,hospital & health care,linkedin.com/company/blue-ridge-area-health-education-center,rome,blue ridge area health education center,georgia,1-10,
united states,2017,DZbtF9mnAYRqkVWZ8RoRTwSiexkq,hospital & health care,linkedin.com/company/nestvy,san leandro,nestvy,california,1-10,
united states,,h1p4FMcPoCa04YFNeXfnqQIeqnAu,hospital & health care,linkedin.com/company/kister-eyecare,riverton,kister eyecare,wyoming,1-10,
united states,,zmCHQ6ghkQOeLNDB2PfJfwa6Vth5,hospital & health care,linkedin.com/company/newport-smiles,newport,newport smiles,california,11-50,newportsmiles.com.au
united states,,6OcFdTcK32HsOhlvsBVeaQWobM2W,hospital & health care,linkedin.com/company/acker-electric-co,lincoln,acker electric co,alabama,1-10,
united states,,jAH3aZtzxSqHJIP90WDIEg8C6VPR,hospital & health care,linkedin.com/company/holy-spiri-hospital,camp hill,holy spiri hospital,pennsylvania,1-10,
united states,2009,vEs7INmmdGF8909RW0AMQA6QsRAA,hospital & health care,linkedin.com/company/screven-county-family-health-center-llc,savannah,"screven county family health center, llc",georgia,1-10,
united states,2013,fWBLJlcpAYi2RPwybIm24wkXqkGH,hospital & health care,linkedin.com/company/maximum-performance-chiropractic,costa mesa,maximum performance chiropractic,california,1-10,maxperformchiro.com
united states,1999,2fmUpRot01ydQ8dfTChc8wOgY0WR,hospital & health care,linkedin.com/company/connecticut-clinical-research,cromwell,ct clinical research,connecticut,1-10,ctclinicalresearch.com
united states,,7JjkEuTM5RZZ1f5lkJMR1QVjDqlL,hospital & health care,linkedin.com/company/international-health-strategies,philadelphia,international health strategies,pennsylvania,1-10,
united states,,aezA4CxST1ioLAQNpsT1kg7kB1UQ,hospital & health care,linkedin.com/company/fit-over-40,morristown,fit over 40,new jersey,1-10,fabfitover40.com
united states,,FjIEwdVTvkNhWnYPG8AvHA6i7fc4,hospital & health care,linkedin.com/company/key-biscayne-pediatrics,key biscayne,key biscayne pediatrics,florida,1-10,
united states,,q04AvlYtOzThcNY7QzazCgKZhXJa,hospital & health care,linkedin.com/company/dappled-things,new hope,dappled things,kentucky,11-50,dappledthings.org
united states,,okf7MO1vMoewVlepMcXJzAqu2Bxr,hospital & health care,linkedin.com/company/patient-plus-home-health-care-inc,lansing,patient plus home health care inc,illinois,1-10,
united states,,jfymkqT9uB2Gy7WPQRJXkgRO8qRw,hospital & health care,linkedin.com/company/pin-oak-management-co,,pin oak management co,,1-10,laketravisspecialtyhospital.com
united states,,mFp0QFPNBg9JLKnlUaS9YweieSqZ,hospital & health care,linkedin.com/company/damascus-dermatology-&-skin-surgery-center,damascus,damascus dermatology & skin surgery center,maryland,11-50,damascusderm.com
united states,,js5CNCBcJtmxAFb8bBEkcw31rPYS,hospital & health care,linkedin.com/company/ellis-county-emergency-medical-service,shattuck,ellis county emergency medical service,oklahoma,1-10,
united states,,FVRzghqGdAjBwGhXdfxXEAGDCNZd,hospital & health care,linkedin.com/company/revolution-mobility-llc,ontario,"revolution mobility, llc",california,1-10,revolutionmobility.com
united states,,axHeqj9T51ZMkCURCCzfvQIJS17H,hospital & health care,linkedin.com/company/bruce-p-miller-md,utica,bruce p miller md,ohio,1-10,
united states,,cvoqKuyIVyU5UOEhsEFvrghOlylN,hospital & health care,linkedin.com/company/serenity-house-assisted-living,denver,serenity house assisted living,colorado,11-50,
united states,,IV2K4Pi7TQFADSXHUX0n4An6TWVk,hospital & health care,linkedin.com/company/chg-cornerstone-hospital-of-oklahoma-shawnee,shawnee,chg cornerstone hospital of oklahoma-shawnee,oklahoma,1-10,
united states,,Dsqa1cVYYzZHcM5KKuAYlQhj74gp,hospital & health care,linkedin.com/company/lauderdale-county-detention-center,meridian,lauderdale county detention center,mississippi,1-10,
united states,2018,vTz9NR2daOwkvpTw3kA25Q8hYFcQ,hospital & health care,linkedin.com/company/excellent-medical-center-llc,miami,excellent medical center llc,florida,1-10,
united states,,P6ViclcpW9GOoOZyrMGuEQeBqT11,hospital & health care,linkedin.com/company/oc-healthcare-marketing,irvine,oc healthcare marketing,california,1-10,ochealthcaremarketing.com
united states,2008,oh2c33IVB79pa714Pho2QQuj3pG0,hospital & health care,linkedin.com/company/health-research-foundation,scottsdale,health research foundation,arizona,1-10,
united states,2006,GBGiDDPZva6sXF9nW7GnJQWU13gM,hospital & health care,linkedin.com/company/trotter-home-rehabilitation,mokena,"trotter home rehabilitation, inc",illinois,11-50,trotterhr.com
united states,,VshpOOweqeKJPRttvWnz9AG9dQWN,hospital & health care,linkedin.com/company/immanuel-gardens,peoria,immanuel gardens,arizona,11-50,
united states,,BSn9SORVmt7bBLg7VNl8PQMlo5zJ,hospital & health care,linkedin.com/company/john-a-jones,midland,john a jones,texas,1-10,
united states,,pvqIKI4hrCPlMNSFbflqkA2JzKsd,hospital & health care,linkedin.com/company/roper-saint-francis-physicians-network,ladson,roper saint francis physicians network,south carolina,1001-5000,
united states,,eOOY6dOY1DM7sBCi0MBjkwIFDZ8L,hospital & health care,linkedin.com/company/washington-radiology-associates-park-potomac,potomac,washington radiology associates-park potomac,maryland,1-10,
united states,,EDgE1lCmKj8UpS3PPGjgqA0K2OWz,hospital & health care,linkedin.com/company/johnsen-health-services-llc,salt lake city,"johnsen health services, llc",utah,1-10,
united states,,BN4sSRdZ5aoj5ycieNHN0gYRYa9y,hospital & health care,linkedin.com/company/rosemount-family-physicians,rosemount,rosemount family physicians,minnesota,1-10,
united states,,ZaRKEpEN8CInb8cBzNPO6QPQpBQg,hospital & health care,linkedin.com/company/mountain-star-clinical-laboratory,salt lake city,mountain star clinical laboratory,utah,1-10,
united states,2019,5eWev8XW6zzsDmdZZ21cSgxmjxyx,hospital & health care,linkedin.com/company/womenlifthealth,palo alto,womenlift health,california,11-50,womenlifthealth.org
united states,,d08jBCLvyRbM9KonhFV7owr0UpFC,hospital & health care,linkedin.com/company/southmayd-home,waterbury,southmayd home,connecticut,11-50,southmayd.com
united states,2009,EDyBjyBPqGTNxQewzKmsEwb2qwe6,hospital & health care,linkedin.com/company/antietam-eye-associates,waynesboro,antietam eye associates,pennsylvania,1-10,antietameye.com
united states,2023,8BBQZdm6ff0HGGPwoOcJmACW99tk,hospital & health care,linkedin.com/company/orient-rcm,robbinsville,orient rcm llc,new jersey,11-50,orientrcm.us
united states,1967,mR1Ntm2iJAhItmVyu9VURQqJREfJ,hospital & health care,linkedin.com/company/great-neck-&-mid-island-dental-associates,great neck,great neck & mid-island dental associates,new york,51-200,greatneckdentalassociates.com
united states,,1oe8Q3Yoh9MPsnhuPuQMgw0Hc93l,hospital & health care,linkedin.com/company/advanced-pain-management-institute,vacaville,advanced pain management institute,california,1-10,paininstitute.org
united states,2010,yjdGHjOa3fnBrkGmber4BAAKC9WY,hospital & health care,linkedin.com/company/salute-hospice-inc,lomita,salute hospice inc,california,1-10,salutehospice.com
united states,,p7jnGlZlrkNO9WCjclKNNgE1VHez,hospital & health care,linkedin.com/company/health-&-fitness-center-the,ann arbor,"health & fitness center, the",michigan,1-10,
united states,1958,t802Z8CEWkIrf4BmqTqyvQ6d0rAv,hospital & health care,linkedin.com/company/st-michael-s-home,yonkers,st. michael's home,new york,11-50,stmichaelshome.org
united states,1990,F2WwaAicpaOyCNpBqZRgYQhMSsmD,hospital & health care,linkedin.com/company/overseas-medical-network-international,nashville,overseas medical network international,tennessee,1-10,
united states,,cuvrjhoGYvR0TTTYbtFGOAPwLj0H,hospital & health care,linkedin.com/company/tulare-county-health-dept-laboratory,tulare,tulare county health dept laboratory,california,1-10,
united states,,mrDFnHipBsgyMMMm02O1RQOUQRvt,hospital & health care,linkedin.com/company/aleska-p-pelaez-acosta-md-pc,springfield,aleska p pelaez acosta md pc,massachusetts,1-10,
united states,,G4Fat3WvX1RDSOEnjGXbpgqa2bo2,hospital & health care,linkedin.com/company/barry-schwartz,fresno,barry schwartz,california,1-10,
united states,,xs4WCpEqBbBr9xivWzTj6AZ7wZe5,hospital & health care,linkedin.com/company/utah-valley-foot-&-ankle,provo,utah valley foot & ankle,utah,1-10,utahvalleypodiatrist.com
united states,,0XOoiF1UVDEnHNftcwJX8Q8Kfn34,hospital & health care,linkedin.com/company/alvarado-jewelry,winston-salem,alvarado jewelry,north carolina,1-10,
united states,,RL3KxsqYgvVEp1waGhbWRwWh52uN,hospital & health care,linkedin.com/company/hunter-industries-incorporated,san marcos,hunter industries incorporated,california,501-1000,
united states,2013,A1MCl8I8jCQYXMDoIVty3wwrzI0v,hospital & health care,linkedin.com/company/health2sac,sacramento,health 2.0 sacramento,california,1-10,health2sacramento.org
united states,,FMOT9rs3KYD3uSVoNxMCqAQBWe8f,hospital & health care,linkedin.com/company/charles-e-leonard-md,talbott,charles e leonard md,tennessee,1-10,
united states,,QyPy9yMubhhq7Big28oBRQSVtrDf,hospital & health care,linkedin.com/company/medical-center-imaging,cumming,medical center imaging,georgia,1-10,
united states,,6nHVeKBdjk8VMjrb4h1C4w9jRPqS,hospital & health care,linkedin.com/company/i-&-b-medical-associates,miami,i & b medical associates,florida,1-10,
united states,,EQvIQJvOMjKCWogCJbMBzQkFiJ6Y,hospital & health care,linkedin.com/company/emaya-health-inc.,worcester,emaya health inc.,massachusetts,1-10,emayahealth.com
united states,,HcPQwUt3tGjFFRKtglC3Bw9mXDEn,hospital & health care,linkedin.com/company/empowered-living-counseling-and-life-coaching-llc,warner robins,"empowered living counseling and life coaching, llc",georgia,1-10,
united states,,7j1WDPODQ5rIEMTHnIeIeQzUoa8S,hospital & health care,linkedin.com/company/vintage-acres,duluth,vintage acres,minnesota,1-10,vintageacres.com
united states,,hJ2B7EWwNLXNTblcLnJLEAWfVhqj,hospital & health care,linkedin.com/company/dena'ina-wellness-center,kenai,dena'ina wellness center,alaska,1-10,
united states,2014,WwBNn1WMVbI9pHJwUTXO8QCqcOjV,hospital & health care,linkedin.com/company/evolution-health,dallas,evolution health,texas,1001-5000,evolution.net
united states,2018,sBPRSGGCFLB5nKmYxN5PcQqRP3M7,hospital & health care,linkedin.com/company/trulla,draper,trulla by spendmend,utah,1-10,trullarx.com
united states,,VozCguBx3PpkF3GB6kBFtQ37KFXt,hospital & health care,linkedin.com/company/shiec,washington,strategic health information exchange collaborative,district of columbia,1-10,strategichie.com
united states,2011,IXDuwTLwvPCAaaxuRo4QZwzWzKxv,hospital & health care,linkedin.com/company/select-home-health-hospice,carmel,select home health and hospice,indiana,51-200,selecthhs.com
united states,2018,AjJU2PIZ5m2BuAQtBHdqfQdbC5aM,hospital & health care,linkedin.com/company/stanfordsmac,stanford,stanford medicine abilities coalition,california,201-500,med.stanford.edu/smac.html
united states,,fGHapugEGQlr9CXI0BwrrAfi7SdE,hospital & health care,linkedin.com/company/veterinary-care-specialists,milford,veterinary care specialists,michigan,11-50,vcsmilford.com
united states,,5cYXmzzeNUWJApQIn9Anww6qT2Fr,hospital & health care,linkedin.com/company/sports-performance-center,winston-salem,sports performance center,north carolina,1-10,sportsperformancecentres.com
united states,,5XNEl5rd4aJlxz83I1UYWgCBMfUX,hospital & health care,linkedin.com/company/bis-man-eyecare-associates,mandan,bis-man eyecare associates,north dakota,1-10,
united states,,s8lp2OjxrPSMs1MYHUBu5APcbgPM,hospital & health care,linkedin.com/company/care-centre-management-company-inc.,dakota dunes,"care centre management company, inc.",south dakota,51-200,
united states,,TY6tCbxkBvwq6ujexOrFZQZ7BTRL,hospital & health care,linkedin.com/company/woodridge-nursing-home,barre,woodridge nursing home,vermont,11-50,
united states,,85vBhjomQPG0zZMYchd40wNvdQIZ,hospital & health care,linkedin.com/company/golden-living-ctr-willow-springs,indianapolis,golden living ctr-willow springs,indiana,1-10,
united states,,BqyXCkwfQ5nFhpri8k0hZwqby2Uk,hospital & health care,linkedin.com/company/village-family-medicine-at-lionville,exton,village family medicine at lionville,pennsylvania,1-10,
united states,,Bc9h8ny9bFJdaXaROuIwYAe18JCa,hospital & health care,linkedin.com/company/sweeny-independent-school-dist,sweeny,sweeny independent school dist,texas,1-10,
united states,,sEx6laaCdunho7qXYDyCMgIELIoZ,hospital & health care,linkedin.com/company/alinea-performance,tampa,alinea performance,florida,1-10,alineaperformance.com
united states,,VzIvNGSXX3rTReHIYwgISQhQpvGf,hospital & health care,linkedin.com/company/mobile-healthcare-services,las vegas,mobile healthcare services,nevada,1-10,
united states,2016,v83fHVGxzqo3qqS1T042yw39Eexs,hospital & health care,linkedin.com/company/aba-solutions-for-autism-inc,homestead,aba solutions for autism inc,florida,11-50,
united states,1964,DiFiWqDt6uEymE4YPInCIgQaTDKC,hospital & health care,linkedin.com/company/superior-ambulance-service-inc-,binghamton,"superior ambulance service, inc.",new york,51-200,superiorems.com
united states,,lE9yZACbzQPBP39brIl4cwCNYjpw,hospital & health care,linkedin.com/company/one-health-dixon,dixon,one health dixon,kentucky,1-10,
united states,2020,Yh5T9IPAdtCWIR9DmyToyQYeeXxe,hospital & health care,linkedin.com/company/ancora-health-services,franklin,ancora health services,idaho,51-200,ancoracares.com
united states,2014,h6vo4EBMLBpy4WQjzPBNwAxb91Yu,hospital & health care,linkedin.com/company/centera-supply,los angeles,centera supply,california,1-10,centerasupply.com
united states,,WHL8D8YMwQiPEY3zIDLQQw7k79Rw,hospital & health care,linkedin.com/company/first-line-health-inc,huntington park,first line health inc,california,1-10,
united states,1998,7Dqfb2kKjUfZaPLGgtPPjQKi7AzT,hospital & health care,linkedin.com/company/national-center-for-rural-health-works,blacksburg,national center for rural health works,virginia,1-10,
united states,,CBg4yTvGZpUXquhy4fxkwAWdIZnx,hospital & health care,linkedin.com/company/lexington-family-office,daytona beach,lexington family office,florida,1-10,
united states,,5AAB1vKpUihFnCCrl2vwAQBd4A7M,hospital & health care,linkedin.com/company/ohman-chiropractic,greybull,ohman chiropractic,wyoming,1-10,
united states,,cGgjFSAzRmTQlmCTFBqGQARceWAt,hospital & health care,linkedin.com/company/womens-auxiliary-of-the-harrison-memorial-hospital,cynthiana,womens auxiliary of the harrison memorial hospital,kentucky,1-10,
united states,,uLFL9rODkDs8SA5rkbQ1DgQclq6O,hospital & health care,linkedin.com/company/the-silver-chord,sherwood,the silver chord,oregon,1-10,thesilverchord.com
united states,2013,dfeHBqCCQUYvC3L2n1N9kQcNCvvM,hospital & health care,linkedin.com/company/center-square-family-dental,swedesboro,center square family dental,new jersey,1-10,centersquaredental.com
united states,,vu3RToFn42xtsoucFrRzuA8aCKKy,hospital & health care,linkedin.com/company/hinds-financial-group-inc,denver,hinds financial group inc,colorado,1-10,
united states,1997,NqbPHkJhlhUp1uujFMd7jA7TVDTl,hospital & health care,linkedin.com/company/c-step-inc-,fremont,c-step inc.,california,1-10,c-step.com
united states,,ARJnA1JAokVg4pD00NFonwGgyULS,hospital & health care,linkedin.com/company/utah-society-of-health-system-pharmacists,salt lake city,utah society of health system pharmacists,utah,1-10,ushp.org
united states,,SgBVX96LPGGpyezJvAi8DAbTXhho,hospital & health care,linkedin.com/company/childrens-physician-medical-group-inc.,san diego,"childrens physician medical group, inc.",california,51-200,
united states,,kDFCuIkmHoNe5UCtTP0VlAzTU4j9,hospital & health care,linkedin.com/company/hunt-at-home,nashville,hunt at home,tennessee,1-10,huntathome.org
united states,,8JepussUf480Niszgi05nQvZATFA,hospital & health care,linkedin.com/company/nitelines-usa-inc,duluth,nitelines usa inc,georgia,201-500,nitelinesusa.com
united states,,4esmWx4eslnkdtE0O44yegec6DC9,hospital & health care,linkedin.com/company/penn-med-consultants,renfrew,penn med consultants,pennsylvania,11-50,
united states,2015,Ef3FEByANbXKnmd24SVYCQrrC8QQ,hospital & health care,linkedin.com/company/pax-campus-llc,palm springs,"pax campus, llc",florida,1-10,
united states,,uUHjvCKCGXB9lU3TWCkbMw4fZLHI,hospital & health care,linkedin.com/company/early-bird-alert-inc-,san rafael,"easyconnx systems, inc.",california,11-50,easyconnx.com
united states,2024,gLLxVdCDzBcPtW3qdnbE3wGgB4kz,hospital & health care,linkedin.com/company/functionalmd,carmel,functionalmd,indiana,1-10,functionalmdclinic.com
united states,,pcSuRWnpCAVWPdFq6IiHCA0qMfJ4,hospital & health care,linkedin.com/company/sayville-nursing-and-rehabilitation-center,sayville,sayville nursing and rehabilitation center,new york,11-50,
united states,2014,BMkVbblBeD8sM509hCMC4Arv3EnS,hospital & health care,linkedin.com/company/independent-labs-llc,port saint lucie,"independent labs, llc",florida,1-10,
united states,2009,CM2trrHGeX25bLm4eiOhrAnfpELr,hospital & health care,linkedin.com/company/hhli,garden city,harmony healthcare long island,new york,201-500,harmonyhealthcareli.org
united states,2013,8pt3yyWZ4tmGKvYaydD6vAgcX4kf,hospital & health care,linkedin.com/company/nhc-healthcare-kingsport-llc,kingsport,nhc healthcare-kingsport llc,tennessee,11-50,nhckingsport.com
united states,2015,hQIRGptGEtBD55DIB6FQ6w2EizEy,hospital & health care,linkedin.com/company/omni-aesthetic-md-omni-physicians-pc,new york,omni aesthetic md - omni physicians pc & atlas practice management (mso),new york,11-50,
united states,,koBOESemRnbzOXZMxjwclQsp4N8L,hospital & health care,linkedin.com/company/melio-&-company,,melio & company,,1-10,meliocompany.com
united states,,L5zMoXFrnI4KzxvuEaMa1AiMNv4C,hospital & health care,linkedin.com/company/stella-orton-home-heatlh-care,keansburg,stella orton home heatlh care,new jersey,1-10,
united states,2016,7XjLWHoZo2JXt7yXPw41kANRJqDC,hospital & health care,linkedin.com/company/tesla-imaging-solutions-llc,houston,"tesla imaging solutions, llc",texas,1-10,teslaimagingsolutions.com
united states,2012,q75fE8lHDOL6ibe0vStFHwfACkkh,hospital & health care,linkedin.com/company/premium-health-center,brooklyn,premium health center,new york,51-200,premiumhealthcenter.org
united states,2015,OoCWHcOMW4b2jqsF4kvXegwUpefs,hospital & health care,linkedin.com/company/the-clinician-exchange,parsippany,the clinician exchange,new jersey,11-50,the-clinx.com
united states,,j582Bn6Zyft2FJ1mXyGw4QRszDKk,hospital & health care,linkedin.com/company/magie-mabrey-eye-clinic,little rock,magie mabrey eye clinic,arkansas,11-50,
united states,,BoCdfgBOZRCCSFqBGfHP5whuo0Gy,hospital & health care,linkedin.com/company/fmh-medical-staff,connersville,fmh medical staff,indiana,1-10,
united states,,rZ48QUX51D7KXMhfFn9wjgvKPVJ1,hospital & health care,linkedin.com/company/chemisys-laboratories-llc,fair lawn,"chemisys laboratories, llc",new jersey,1-10,chemisys.net
united states,2013,EpisyoGL0EaTmJ1j3Ot4NwGfzCns,hospital & health care,linkedin.com/company/mobility-clinic-america,edison,mobility clinic america,new jersey,11-50,mobilityclinic.net
united states,,1MovsEk5UJHoDKvwC3nEEQTxisvP,hospital & health care,linkedin.com/company/team-members-care-fund,pittsburgh,team members care fund,pennsylvania,1-10,
united states,,brd9bDNSEmXeoLCy1FwEkgnu3m4D,hospital & health care,linkedin.com/company/kindred-hospital--st-louis--st-anthony,st. louis,kindred hospital- st louis- st anthony,missouri,1-10,
united states,,JFs504Du1qNFBplghIDTZgahwuwS,hospital & health care,linkedin.com/company/comprehensive-ent-institute,southfield,comprehensive ent institute,michigan,11-50,
united states,,D8PmHBmyxva8BDo2SMKtngKGt5vC,hospital & health care,linkedin.com/company/hunt-nursing-and-rehabilitation-center,danvers,hunt nursing and rehabilitation center,massachusetts,1-10,
united states,,g4K3RaVnq6BIAtx8bMLapQ2dzYqR,hospital & health care,linkedin.com/company/kroger-pharmacy-520,fort worth,kroger pharmacy 520,texas,1-10,
united states,2011,WbhHgqiCY76ua9BioK3GMwwCJ1Xm,hospital & health care,linkedin.com/company/regenx-medical-institute,bay harbor islands,regenx medical institute,florida,1-10,regenxmd.com
united states,,LnsFiJqlDhQ0ROYGBqQnYgvd6exY,hospital & health care,linkedin.com/company/south-central-surgical-center,ware,south central surgical center,massachusetts,1-10,
united states,1907,FYxQn3bcpALDXI8C2MWizQgoSibq,hospital & health care,linkedin.com/company/bellin-business-community-health,green bay,bellin business & community health,wisconsin,1001-5000,
united states,2009,lxPht3I0FQCoIy2qDRmxrA0JfxbY,hospital & health care,linkedin.com/company/alba-birth-center,menasha,"alba birth center, llc",wisconsin,1-10,
united states,2022,8FxVi16IBdEZpCOGB379NQje2KMa,hospital & health care,linkedin.com/company/carenetstaff,milpitas,carenet medical staffing,california,1-10,carenetmedstaffing.com
united states,1933,CpKBkaIHE6PZBjzaAQj2SgXmnfzL,hospital & health care,linkedin.com/company/king-bruwaert-house,burr ridge,king-bruwaert house,illinois,51-200,kingbruwaert.org
united states,,KFQ8C51ZoIRxOnY765y3BwW1mPwV,hospital & health care,linkedin.com/company/florida-surgical-repair-inc,,"florida surgical repair, inc",,11-50,flsurgical.com
united states,,hSmejj6sGkfhJ0CcjPdAIAurM9Xq,hospital & health care,linkedin.com/company/rmanagement-llc,gresham,rmanagement llc,oregon,1-10,
united states,,WBeHmcqUCZQTqOp9FMBxMAs4wtUF,hospital & health care,linkedin.com/company/kimberly-new-king-md-llc,smyrna,kimberly new king md llc,tennessee,1-10,
united states,,TNCxgxDSRryfTWsCBMr9BglbQHYV,hospital & health care,linkedin.com/company/bertrand-nursing-home-and-assisted-living,bertrand,bertrand nursing home and assisted living,nebraska,11-50,
united states,,BZe2U7WICtDla2HImypnhA0tmEle,hospital & health care,linkedin.com/company/heart-home-health-and-hospice,flint,heart home health and hospice,michigan,1-10,
united states,,THpTBXBOVnfWar0wmZZ0nQ6TlMcM,hospital & health care,linkedin.com/company/eugene-applebaum-college-of-pharmacy,detroit,eugene applebaum college of pharmacy,michigan,1-10,
united states,,yXCmBd0zACDseLSLBHeYPAcNmEdw,hospital & health care,linkedin.com/company/cumberland-manor-rest-home-inc,parkers lake,"cumberland manor rest home, inc",kentucky,1-10,
united states,,QaD657q7325yT8T7erBJMgoXl8HZ,hospital & health care,linkedin.com/company/christopher-r-winkle-md-inc,anaheim,"christopher r winkle, md inc",california,1-10,
united states,,fJBeBAyJrHpT7ASbjv4OGQ11Qqtv,hospital & health care,linkedin.com/company/consulate-health-care-of-tallahassee,tallahassee,consulate health care of tallahassee,florida,1-10,
united states,1996,0E4AC1F6Tq72xjcXpouV4gNVLwJo,hospital & health care,linkedin.com/company/ezras-choilim-health-center,monroe,ezras choilim health center,new york,51-200,echckj.org
united states,2005,CtlNnPJIXhETPpY1U40tQQyusMTH,hospital & health care,linkedin.com/company/charity-hospice-inc.,steubenville,"charity hospice, inc.",ohio,11-50,charityhospice.org
united states,,pQPI3OSBEoYxKjONIRcOZgFmUmTo,hospital & health care,linkedin.com/company/hospice-house-of-greenville,simpsonville,hospice house of greenville,south carolina,1-10,
united states,2011,jdIvnRdtQDHC0XtNI6qDDAA0Q1la,hospital & health care,linkedin.com/company/medology,houston,medology,texas,51-200,medology.com
united states,2013,2GvC6KeuH8S1Mr9HndPj6gNNGQSp,hospital & health care,linkedin.com/company/quest-psychological-services-llc,atlanta,"quest psychological services, llc",georgia,1-10,questpsychology.com
united states,,0hpT16MabSknO5ISAhphBw7ihnH5,hospital & health care,linkedin.com/company/abbe-center-for-cmh,cedar rapids,abbe center for cmh,iowa,1-10,
united states,,hRXqOXPkjQiMQpEqhYgB2goAxD9M,hospital & health care,linkedin.com/company/villa-rosa-nursing-and-rehabilitation-llc,mitchellville,"villa rosa nursing and rehabilitation, llc",maryland,11-50,
united states,,lHT7cH6cCsoSMcBccAjPHgKJ5cPf,hospital & health care,linkedin.com/company/uintah-health-care-special-service-district,vernal,uintah health care special service district,utah,11-50,uintahcarecenter.com
united states,,2sTkOahOtujeXYs6MNmo3QslJCwN,hospital & health care,linkedin.com/company/liberty-resource,canal winchester,liberty resource,ohio,11-50,
united states,1988,a3DhCofMj9du7CpAvUnQewFiu59B,hospital & health care,linkedin.com/company/dash-medical-gloves,franklin,dash medical gloves,wisconsin,11-50,dashmedical.com
united states,,aiO4UVUlgK1nOj3HBGYkzgehUq2k,hospital & health care,linkedin.com/company/premier-choice-home-health-care,duncanville,premier choice home health care,texas,1-10,
united states,,fjL8DuG24RDaVBWZo5JEKgM4R3fz,hospital & health care,linkedin.com/company/marathon-petroleum-company-ohio,canton,marathon petroleum company-ohio,ohio,1-10,
united states,,npCrhs4O5z4JBPmwQ1xecgQUNRbY,hospital & health care,linkedin.com/company/arbor-trail-rehab,inverness,arbor trail rehab,florida,1-10,
united states,1961,mtOCwDGsBhkWNekLoCaucATpTKon,hospital & health care,linkedin.com/company/dekalb-medical,lithonia,dekalb medical,georgia,1001-5000,dekalbmedical.org
united states,2022,Fx32OQQBYmnkik9EO57ZjAlAPilT,hospital & health care,linkedin.com/company/mps-value,augusta,mps value,georgia,11-50,mpsvalue.com
united states,,1pCQQ34KnWpLpCzcb4tlwAbW1ahZ,hospital & health care,linkedin.com/company/champion-home-health-care,tequesta,champion home health care,florida,51-200,championhome.com
united states,,aR6tSOE2ml41b2M44PcP9Ad3nnUN,hospital & health care,linkedin.com/company/davie-county-home-health-agncy,mocksville,davie county home health agncy,north carolina,1-10,
united states,,ukA8hd1lVqygelXlQwcRrgqIR7VP,hospital & health care,linkedin.com/company/chef-ray-presents,torrance,chef ray presents,california,1-10,chefgarnish.com
united states,,JMBYpRkoZQ6CMj8xWZnjSgfeCdMn,hospital & health care,linkedin.com/company/white-river-athletic-club,anderson,white river athletic club,indiana,1-10,whiteriverclub.com
united states,,ic8FtVfL9ARNyIHRGyke5wtRuYGy,hospital & health care,linkedin.com/company/eggroll-street,broken arrow,eggroll street,oklahoma,1-10,
united states,1997,ffLqpd17AJ7RB6q1wZanAAgm6lpM,hospital & health care,linkedin.com/company/capitol-city-family-health-center-incorporated,baton rouge,capitol city family health center incorporated,louisiana,51-200,ccfhc.org
united states,,tpUsxJmzDdOGb7IWCV8uvgMkPEBc,hospital & health care,linkedin.com/company/smith-allergy-&-asthma-of-central-new-york-pc,ithaca,smith allergy & asthma of central new york pc,new york,1-10,
united states,2017,kuxa4jgQ6wKpXM0MC2PNaQ2ftnnS,hospital & health care,linkedin.com/company/probeps,round rock,probe practice solutions,texas,1-10,probeps.com
united states,,Y7Q8woCbPSLRzdLBriXKIAOqixhK,hospital & health care,linkedin.com/company/middle-georgia-heart-&-vascular,macon,middle georgia heart & vascular,georgia,1-10,
united states,,g4sSc9tOEokErv3meaE3kATBLe6i,hospital & health care,linkedin.com/company/apollo-day-spa,waterville,apollo day spa,maine,1-10,apollosalonspa.com
united states,,ZBFxQOAORq6E7losb29JnA5Y8nEf,hospital & health care,linkedin.com/company/lqmg,fresno,lqmg,california,11-50,lqmg.com
united states,1941,e2C04hscmWtI8646RJLFfAyxWdVE,hospital & health care,linkedin.com/company/st-john-of-god-retirement-and-care-center,los angeles,st. john of god retirement and care center,california,1001-5000,stjogrcc.org
united states,1957,tmKyjHBgBZG6N7CThFXUGQWNkd5y,hospital & health care,linkedin.com/company/ely-bloomenson-community-hospital,ely,ely-bloomenson community hospital,minnesota,51-200,
united states,,b4vB9TfZnQfs5pCubd095AFdpmSF,hospital & health care,linkedin.com/company/collier-boulevard-medical-center,naples,collier boulevard medical center,florida,1-10,
united states,,Yg75LAKFDoqpDnxFpzLd5AQIxA70,hospital & health care,linkedin.com/company/graham-medical-group,cuba,graham medical group,illinois,1-10,colemanclinic.org
united states,2021,GSLeDOavnsPK1cvCtSBoJQuwuJr0,hospital & health care,linkedin.com/company/cmp-healthcare,atlanta,cmp healthcare,georgia,1-10,cmphealthcare.org
united states,,CsBCp5wShClISxFIzaR0fQXLMJQq,hospital & health care,linkedin.com/company/orlando-vet-center,washington,orlando vet center,district of columbia,1-10,
united states,,3aNAR8PGYTGHYrByBTlCRg3s0Ros,hospital & health care,linkedin.com/company/d-d-cleaning,chesterland,d d cleaning,ohio,1-10,
united states,2021,KIPXtc8Fe5wQbpVNl5FzEAFi1wvF,hospital & health care,linkedin.com/company/a-place-at-home-merrimack-valley,north chelmsford,a place at home - merrimack valley,massachusetts,1-10,aplaceathomemv.com
united states,2020,1kiVUEYu9IHRBnwA0Yn15wjhBa0Z,hospital & health care,linkedin.com/company/v8y-inc,chevy chase,"surgery one center, llc",maryland,1-10,v8y.systems
united states,,WkvzViPVPkifyO4J0hZYbgbwQItM,hospital & health care,linkedin.com/company/biolyfe-medical,chicago,biolyfe medical,illinois,1-10,biolyfemed.com
united states,,kdw97Sb7iBJYz8QGO6gxBALA8h7t,hospital & health care,linkedin.com/company/long-island-endoscopy-pllc,massapequa,long island endoscopy pllc,new york,1-10,
united states,1842,ENGZKOfp2iL7q43BBotN9Q9iSpGk,hospital & health care,linkedin.com/company/county-of-portage,stevens point,county of portage,wisconsin,51-200,
united states,,w1qekRS72tH1fr4BB5JPpAE26yg6,hospital & health care,linkedin.com/company/nw-internal-medicine-specialists-pllc,houston,nw internal medicine specialists pllc,texas,1-10,
united states,1998,DaybzCALiCn69Et2JSTr6wY45Rgj,hospital & health care,linkedin.com/company/val-verde-renal-care-center-inc.,san angelo,"val verde renal care center, inc.",texas,11-50,
united states,,kQ8ICZhPjMzXAkmqNsT5CACD0lkM,hospital & health care,linkedin.com/company/providence-health-care-at-the-woods,st. mary of the woods,providence health care at the woods,indiana,51-200,phcwoods.org
united states,,XSZKTre9D62R6kWIy9gzUAxYh6Sq,hospital & health care,linkedin.com/company/southfield-ob-gyn-associates,southfield,southfield ob gyn associates,michigan,11-50,
united states,,0whDzdeTpVBshVQs1hsLlwVEjt7p,hospital & health care,linkedin.com/company/st-johns-hospital-laboratory,springfield,st johns hospital laboratory,illinois,1-10,
united states,,XNKtQoOjUn3m38vZKCk16QNi8PId,hospital & health care,linkedin.com/company/north-texas-orthopedics-and-sports-medicine,grapevine,north texas orthopedics and sports medicine,texas,1-10,
united states,2014,EBdew5IygdYCDM84UK6t4AJMnBdp,hospital & health care,linkedin.com/company/wellbridge-healthcare,fort worth,wellbridge healthcare,texas,201-500,wellbridgehealthcare.com
united states,,9Lf20nPaK89gEO5fUAETagWClQMc,hospital & health care,linkedin.com/company/family-connections-home-health,dallas,family connections home health,texas,1-10,fchomehealth.com
united states,2016,SEgfrWhqCCYfQHwPcaDd5whV1Jdw,hospital & health care,linkedin.com/company/radformation,new york,radformation,new york,51-200,radformation.com
united states,,GpwTIhNnQ5DLZbIkltXEPgZe9jy3,hospital & health care,linkedin.com/company/stat-home-health---west-llc,breaux bridge,"stat home health - west, llc",louisiana,1-10,
united states,,E77E8CcbJ8nsUxu4cosBRgLQ0S76,hospital & health care,linkedin.com/company/kansas-city-dental-lab,overland park,kansas city dental lab,kansas,11-50,kcdentallab.com
united states,,H42APxoVd7fiuCSJHmxZvgJaakw2,hospital & health care,linkedin.com/company/west-clinic-madison-va,madison,west clinic madison va,wisconsin,1-10,
united states,,BDKek3m6WqZ7XTLJymwO4AluWVbx,hospital & health care,linkedin.com/company/amanda-eschelbach-dds,nicholasville,amanda eschelbach dds,kentucky,1-10,dentistnicholasville.com
united states,2016,zl5WlPrNB2geMz77uwIWjAG45mWz,hospital & health care,linkedin.com/company/spine-and-orthopaedic-specialists-of-central-florida-llc,west palm beach,"spine and orthopaedic specialists of central florida, llc",florida,1-10,
united states,,zPUZNCKI1HGiFgwZ7XnszATrAlwx,hospital & health care,linkedin.com/company/hilltop-nursing-&-rehabilitation-center-llc,pineville,hilltop nursing & rehabilitation center llc,louisiana,1-10,hilltopnursingandrehabilitation.com
united states,1912,GrSd7iP0WiHp5unbmuCTdAiNG1ip,hospital & health care,linkedin.com/company/western-home-communities,cedar falls,western home communities,iowa,501-1000,westernhomecommunities.org
united states,2016,iFuWhGhQzd4l6BGATAmTdgACPtZf,hospital & health care,linkedin.com/company/interactive-clinical-intelligence-inc-,dallas,"interactive clinical intelligence, inc.",texas,1-10,icimrr.com
united states,1975,runGZpnJZJxGaEEnXPrDOwCYDuJt,hospital & health care,linkedin.com/company/health-physics-northwest,milwaukie,health physics northwest,oregon,1-10,hpnw.com
united states,,jR5HpWEZUBatDVaSaO1dCA7g5ggU,hospital & health care,linkedin.com/company/roosevelt-warm-springs-rehabilitation-hospital,warm springs,roosevelt warm springs rehabilitation hospital,georgia,51-200,
united states,2014,hCuwJQ9RZz8uWs9R30EKbAvTFYii,hospital & health care,linkedin.com/company/gracehospice,minneapolis,grace hospice mn,minnesota,51-200,gracehospicefoundation.org
united states,,b7CQURXCKgTAZQ86tgoJZQLCmYZD,hospital & health care,linkedin.com/company/stonebridge-nursing-&-rehabilitation-center-llc,benton,"stonebridge nursing & rehabilitation center, llc",illinois,1-10,
united states,,ytbeBvHUMp3HB8Kqn7jAUgr6T6TE,hospital & health care,linkedin.com/company/usa-allergy-solutions,,usa allergy solutions,,1-10,usaallergysolutions.com
united states,,DbII6OB0ZCe8r6DY5Cv0xwEkgekl,hospital & health care,linkedin.com/company/palaniappan-arumugham-md,richardson,palaniappan arumugham md,texas,1-10,
united states,,dTxjA47wdTzbffhZ1ueg1QBqC568,hospital & health care,linkedin.com/company/personal-gains-inc,acton,personal gains inc,massachusetts,1-10,personalgains.net
united states,,JA6hsVPWcbKtntEdf1spiA0UiH77,hospital & health care,linkedin.com/company/olive-branch-dental-care,olive branch,olive branch dental care,mississippi,11-50,olivebranchdental.com
united states,2024,eCMBwcxxGkc1jUfhmy5RXAq9SVM2,hospital & health care,linkedin.com/company/hospice-pass,yorba linda,hospice pass,california,1-10,
united states,2009,LBlgud8UWWKgF2TC2EZqrQ6n32pC,hospital & health care,linkedin.com/company/la-esperanza-medical-centers,medley,la esperanza medical centers,florida,11-50,
united states,,qOQl0gfR19BYdWDplvR0DgABFCKm,hospital & health care,linkedin.com/company/zeigler-pharmacy,wilmington,zeigler pharmacy,ohio,1-10,longrxwilmington.com
united states,2020,mdwhDcBsiBuKzGAVtyvllAmK8zqv,hospital & health care,linkedin.com/company/jmd-healthcare-solutions-and-services,colts neck,jmd healthcare solutions and services,new jersey,1-10,jmd.com
united states,,suNmHcd5gIhBF4ICDOZnnAsrV2Zt,hospital & health care,linkedin.com/company/peculiar-care-home-health-inc,dallas,"peculiar care home health, inc",texas,1-10,
united states,,8JtQyMChM7bC1A5UyH0CWg6S5ngX,hospital & health care,linkedin.com/company/shore-quality-inc,mount pleasant,shore quality inc,south carolina,11-50,
united states,2010,7fC1f9fG1HKKEEi2uXuBSwbIzEWN,hospital & health care,linkedin.com/company/tallahassee-ultrasound-services-llc,tallahassee,tallahassee ultrasound services llc,florida,1-10,tallahasseeultrasound.com
united states,2022,5CrHZX7761j6Ttgvtk75GAYkjSXY,hospital & health care,linkedin.com/company/healthpay-pro,brooklyn,healthpay pro,new york,51-200,healthpaypro.com
united states,,8qbVYLttkgZxRKMvpyCoygfHWK9C,hospital & health care,linkedin.com/company/age-smart,colorado springs,age smart,colorado,1-10,
united states,,pmC6VSyODJYhLMMvTdnuTAsWEllo,hospital & health care,linkedin.com/company/ascend-orthopaedics,philadelphia,ascend orthopaedics,pennsylvania,1-10,
united states,,tgt2sYIBLuXbTS7LRKkCmQH0L7Fl,hospital & health care,linkedin.com/company/caring-hearts-healthcare,rocky mount,caring hearts healthcare,north carolina,1-10,
united states,,nRwoyOwDgPhGG0ZT7UbvGwjiq86f,hospital & health care,linkedin.com/company/neuroscience-centers-of-florid,miami,neuroscience centers of florid,florida,1-10,
united states,,oJoCpV3ee3gNwBCMk2JZegCj6NQF,hospital & health care,linkedin.com/company/holmes-regional-medical-center,rockledge,holmes regional medical center,florida,201-500,
united states,2010,guAw5JKf3zcvNqkKyGAWawebSiBC,hospital & health care,linkedin.com/company/palm-access-llc,miami beach,"palm access, llc",florida,1-10,
united states,,WgquulnraAAxWOK6F8dbWALTYl0I,hospital & health care,linkedin.com/company/hally-inc,woodland hills,hally inc,california,1-10,
united states,2023,3wBWqv8gVlnCB8QbLddOjw5qBDzu,hospital & health care,linkedin.com/company/graceful-living-care-homes,vacaville,graceful living care homes,california,11-50,gracefullife.care
united states,,3Jr5upbUlACbVZUTd2HUuQ8YroIS,hospital & health care,linkedin.com/company/aspen-central-laboratories-llc,orem,"aspen central laboratories, llc",utah,1-10,
united states,,ZHtUX18q4JoqAZqQ0AAKmwZbPnf0,hospital & health care,linkedin.com/company/jacqueline-delmont-md,freeport,jacqueline delmont md,new york,11-50,
united states,,MzimjdqBe5MsXT569aqxEwnSeRO8,hospital & health care,linkedin.com/company/care-unit-hospital-program,bowling green,care unit hospital program,kentucky,1-10,
united states,2017,qoB7CBwgTHv3ozEOou51KgLgDRrZ,hospital & health care,linkedin.com/company/humanity-home-care-llc,waterbury,humanity home care llc,connecticut,11-50,humanityhomecarellc.com
united states,,Cm1NASs0pSlyJUjOCwBz1QT4vxOS,hospital & health care,linkedin.com/company/neilkennedyrecovery,youngstown,neil kennedy recovery centers,ohio,51-200,nkrc.org
united states,2016,WaxelR9Ka2qNxlRwe2BCBQ9auxtw,hospital & health care,linkedin.com/company/kornerstone-kids-ps,lynden,kornerstone kids ps,washington,1-10,
united states,,cULYUco7KoV6WqROdbeKNwhNKvX7,hospital & health care,linkedin.com/company/miller-and-long-co,chapel hill,miller and long co,north carolina,51-200,
united states,,gmAQKx6ygqPtXvCkv4GnZQ3KYlMR,hospital & health care,linkedin.com/company/all-about-home-care,middletown,all about home care,rhode island,1-10,allabouthomecare.net
united states,1962,OO52Ji7bCcbRrvGpZTNBkgjM75e3,hospital & health care,linkedin.com/company/center-for-sight-hearing,rockford,center for sight & hearing,illinois,11-50,cshni.org
united states,,UWBI0Cb50pzfu8syDzCDTwcVhwXS,hospital & health care,linkedin.com/company/pinebrook-center-venice-fl,venice,pinebrook center venice fl,florida,1-10,
united states,,JcMEa4KhYNzbzsxtKMSJaggsJADt,hospital & health care,linkedin.com/company/seunwater,fresno,seunwater,california,1-10,seunwater.io
united states,2020,uUhTc6msI2VlOlr4kAipNAjzD4ip,hospital & health care,linkedin.com/company/constant-seniors-care,cincinnati,constant seniors care,ohio,1-10,constantseniorscare.com
united states,,NB5jXVwELBBtiCfownJZkgnBoTjh,hospital & health care,linkedin.com/company/aaa-trading-co,loganville,aaa trading co,georgia,11-50,
united states,,BopQMZDWEiiBxB9AqBSHNQgXe6SX,hospital & health care,linkedin.com/company/womens-transitional-healthcare-pllc,charlotte,womens transitional healthcare pllc,north carolina,1-10,wthealthcare.net
united states,,SCIZJg7yfEPzkoByXsPJMgG1Phhn,hospital & health care,linkedin.com/company/halifax-works,roanoke rapids,halifax works,north carolina,1-10,
united states,1989,uWHThD1dSBO8FXC783OScwCPSlIi,hospital & health care,linkedin.com/company/ish-inc,fairfield,"ish, inc",new jersey,51-200,ishinc.com
united states,,AdyrjqpZn84X1QuBDOsPBQmASoOm,hospital & health care,linkedin.com/company/ds-dental,miami,ds dental,florida,1-10,
united states,,GhnRM3jbxjchYvcB3PJ6zAsrl9CK,hospital & health care,linkedin.com/company/talbot-clinical-services-of-ohio-llc,bowling green,talbot clinical services of ohio llc,ohio,1-10,
united states,,gXnOUjpyC2umFoWICe9MiA0Pbyag,hospital & health care,linkedin.com/company/larson-house-platinum,columbus,larson house platinum,wisconsin,1-10,
united states,,ilg1sbfmNRIjhrbvC35D7w6WOhhO,hospital & health care,linkedin.com/company/medtech-coalition-for-metabolic-health,los angeles,medtech coalition for metabolic health,california,1-10,medtechcoalition.com
united states,2004,zFt3OoK8kikuPOom9l1xiwlw5MVE,hospital & health care,linkedin.com/company/innovative-life-healthcare,silver spring,innovative life healthcare,maryland,201-500,
united states,,MfNTaom4CQzjKqICsg6obwzWHV3f,hospital & health care,linkedin.com/company/epilepsy-foundation-of-long-island,garden city,epilepsy foundation of long island,new york,201-500,efli.org
united states,,oDB3drendpNZijELqAhVRAxCEzWb,hospital & health care,linkedin.com/company/keowee-fire-district,salem,keowee fire district,south carolina,1-10,keoweefire.com
united states,,jgIJHKTi9VG0KWsWZnrekALuDAAo,hospital & health care,linkedin.com/company/valley-allergy-clinic-p.c.,saginaw,"valley allergy clinic, p.c.",michigan,11-50,valleyallergyclinic.com
united states,,bSqzrynyEf9iVAtCNRynLQgD4q7B,hospital & health care,linkedin.com/company/rice-lake-fire-department,rice lake,rice lake fire department,wisconsin,1-10,
united states,2008,xiccoUrnC8xHOBnAXdC0oAmeY4VA,hospital & health care,linkedin.com/company/buffington-family-medicine,keller,buffington family medicine,texas,11-50,buffingtonfamilymedicine.com
united states,,fR2KVIFzZotuMFa8n3UyDgSHAI5A,hospital & health care,linkedin.com/company/khovnanianchildrenshospital,neptune,k. hovnanian children's hospital,new jersey,1001-5000,khovnanianchildrenshospital.com
united states,,WelvHmQQzadSvaVFW0J13QF0jeXJ,hospital & health care,linkedin.com/company/perona-law-office,peru,perona law office,illinois,1-10,
united states,,jHTKkHgYUphjiaFvro6BCgWXznf5,hospital & health care,linkedin.com/company/matrix-home-health,,matrix home health,,1-10,matrixhhs.com
united states,,3mTt7twHpbPmpLjGqx5lsAdFbTU3,hospital & health care,linkedin.com/company/east-carolina-surgical-p.a.,marion,"east carolina surgical, p.a.",virginia,1-10,
united states,,rZPcCRRb5P8aYDudBrOdDgp3Boc6,hospital & health care,linkedin.com/company/veranda-gardens,cincinnati,veranda gardens,ohio,1-10,
united states,,7zHiIPqBLCznbHS6r9eu2wbCopLE,hospital & health care,linkedin.com/company/beverly-jarema-do,saginaw,beverly jarema do,michigan,1-10,
united states,,pjSfGBmStyAQHBg9gsOpOw3oxg1e,hospital & health care,linkedin.com/company/pregnancy-resource-center-navarre,navarre,pregnancy resource center navarre,florida,1-10,
united states,,JmUEtyr8dWwCP9Flovx4qgKy1TSb,hospital & health care,linkedin.com/company/jasper-general-hospital,bay springs,jasper general hospital,mississippi,11-50,jaspergeneralhospital.com
united states,,AsueBTumMMIChLNI0QtRfQ3qRg66,hospital & health care,linkedin.com/company/florida-club-care-ctr,miami,florida club care ctr,florida,11-50,
united states,2008,7cqsJCXyFNMiN85VGO6C4Aq7YX16,hospital & health care,linkedin.com/company/step-up-enterprises-llc,lakewood,"step up enterprises, llc",colorado,1-10,stepupenterprises.net
united states,,gHTfAtdQCoPMNL04GMW7dA4XONhy,hospital & health care,linkedin.com/company/brookdale-alamo-heights,san antonio,brookdale alamo heights,texas,1-10,
united states,2012,s5oBUCC5JvtGQ7EJLZk1cAMjoVzb,hospital & health care,linkedin.com/company/hangover-heaven-iv-hydration,las vegas,hangover heaven iv hydration,nevada,11-50,hangoverheaven.com
united states,2022,mhPMLUNxiBmwPjMKPHWrPg5viHcx,hospital & health care,linkedin.com/company/ensurembs,valley stream,ensure mbs,new york,51-200,ensurembs.com
united states,,mIBmdT0i6YwogtRXcR2IAQVXHW1I,hospital & health care,linkedin.com/company/fontana-family-dentistry,fontana,fontana family dentistry,wisconsin,1-10,
united states,1977,LRwFhjcPLZCKR5Ygc0jqlAi1BOWA,hospital & health care,linkedin.com/company/capital_caring,falls church,capital caring health,virginia,501-1000,capitalcaring.org
united states,,KbaAUbXYcnAYQuAoa43KNwouQ7zH,hospital & health care,linkedin.com/company/havre-de-grace-ambulance-corps,,havre de grace ambulance corps,,11-50,hdgac.org
united states,2023,k58E76ZonFN2BrNdUqemLgt7Ojt9,hospital & health care,linkedin.com/company/physicaltherapyondemand,st. augustine,physical therapy on demand,florida,1-10,physicaltherapyondemand.com
united states,,SgXlKrOdTyBGLBYOgAL8xgD7No51,hospital & health care,linkedin.com/company/garden-city-treatment-ctr,cranston,garden city treatment ctr,rhode island,11-50,gctreatment.com
united states,,ng6TiitN3xxLchaYsB9UBgvhnkqy,hospital & health care,linkedin.com/company/diapers-r-us,concord,diapers r us,california,1-10,
united states,,PHAC4Pl2dBG1vzhKn80AtAdpALvx,hospital & health care,linkedin.com/company/to-the-top,kansas city,to the top,missouri,1-10,max-mail.net
united states,,p9Ni31jVBBOBDHKm88WXWgzdE0Dz,hospital & health care,linkedin.com/company/trimont-health-care-ctr,trimont,trimont health care ctr,minnesota,11-50,trimonthealthcarecenter.com
united states,,vZR53HOE3N7h7Lq9YWYDXAtwoHTH,hospital & health care,linkedin.com/company/wharton-manor-inc,manhattan,wharton manor inc,kansas,1-10,
united states,1993,pWOoCijmWxtCYGkONFT60geUMAd4,hospital & health care,linkedin.com/company/guardian-angel-home-health-care,rochester hills,guardian angel home health care,michigan,201-500,
united states,,v7dD1N698KK5kRqzBJEOEANSJG1G,hospital & health care,linkedin.com/company/sante'-comprehensive-women's-healthcare,johnson city,sante' comprehensive women's healthcare,new york,11-50,doctorag.com
united states,,BsOR7fo4txxdaxHTcc7AAAYVUUwR,hospital & health care,linkedin.com/company/hartford-healthcare-senior-services,southington,hartford healthcare senior services,connecticut,501-1000,
united states,,9gItexwoa7hjl5lvlH22ywUeSwBv,hospital & health care,linkedin.com/company/supreme-wellness,newtown,supreme wellness recovery,pennsylvania,1-10,supremewellnessrecovery.com
united states,1992,C0QnuhsiYbBZs0LWK3VRDQtBP3JT,hospital & health care,linkedin.com/company/medhelp-inc.,baltimore,"medhelp, inc.",maryland,11-50,medhelpinc.com
united states,,fVtr10vEMCCpaAzxKYBvBQ5gOJ7f,hospital & health care,linkedin.com/company/seasons-hospice-&-palliative,glendale,seasons hospice & palliative,california,1-10,
united states,,ucrCynnFuwAWHiR3StVzdgzhMpSW,hospital & health care,linkedin.com/company/asante-medical-group,san luis obispo,asante medical group,california,1-10,
united states,,KBwJwpCrzoZQtQMgcb0v5QZ3QgAh,hospital & health care,linkedin.com/company/health-link-medical-group-inc,los angeles,health link medical group inc,california,1-10,
united states,,snuR8yELR7eUoiOcdxEPNw1KznkX,hospital & health care,linkedin.com/company/laboratorio-clinico-biomedic-llc,puerto rico,laboratorio clinico biomedic llc,texas,1-10,
united states,2018,snHiEjjMRwwseFOOiRWZ3Qq7aYNZ,hospital & health care,linkedin.com/company/healthcare-solution-center,,healthcare solution center,,11-50,healthcaresolutioncenter.com
united states,,8BXqDMACBWen5RS9AXBAuwPQ52dc,hospital & health care,linkedin.com/company/countrywood-nursing-center-llc,roswell,"countrywood nursing center, llc",georgia,1-10,
united states,,CyC4DcDj7zFE91ynwiRY4goqslfU,hospital & health care,linkedin.com/company/new-holland-family-medicine,new holland,new holland family medicine,pennsylvania,11-50,
united states,1988,04xI3YcCOlNCKn9vfpYm0gy1b2RM,hospital & health care,linkedin.com/company/greater-ouachita-coalition-providing-aids-resources-&-education-inc,west monroe,greater ouachita coalition providing aids resources & education inc,louisiana,11-50,
united states,2024,oo7Bxnhisy4avfsyWvI6RAbZX5wk,hospital & health care,linkedin.com/company/greenbayerhospital,bellevue,green bay er & hospital,wisconsin,11-50,greenbayer.com
united states,2002,taQCxhcomMR9QBCu1x0Dew6toktL,hospital & health care,linkedin.com/company/apa-speech-therapy,woodland hills,"apa speech therapy, inc.",california,1-10,latalkspot.com
united states,,cVgsuoohEglEjAb6SvrWVAYuQqjv,hospital & health care,linkedin.com/company/hobbs-medical-clinic,hobbs,hobbs medical clinic,new mexico,1-10,
united states,2006,fCQin39AkqHzsPWaF3FWlwAjH5uP,hospital & health care,linkedin.com/company/paragon-clinical-llc,burr ridge,paragon clinical llc,illinois,51-200,paragonclin.com
united states,1962,AmWwOQaD1GNQQFHBVyBx8wKXD1rU,hospital & health care,linkedin.com/company/the-toledo-clinic,toledo,the toledo clinic,ohio,1001-5000,toledoclinic.com
united states,,BrNcR65wNv3oz9AMZmOmzA1ObCJM,hospital & health care,linkedin.com/company/taylors-falls-dental-clinic,taylors falls,taylors falls dental clinic,minnesota,1-10,taylorsfallsdental.com
united states,,Zr66GgjB2Ui07HkDWEw0wgbay8d0,hospital & health care,linkedin.com/company/compassionateinterventions,milwaukie,compassionate interventions,oregon,11-50,
united states,,LB7ARoh5Nf9oXoH7vK2CdAOQWvM9,hospital & health care,linkedin.com/company/amerifalls-inc-dba-niagara-rehab-&-nursing-center,niagara falls,amerifalls inc dba niagara rehab & nursing center,new york,1-10,
united states,,iemHiJx2ag2lXcJT4xwPtgw9iJsw,hospital & health care,linkedin.com/company/einstein-cardiology-willowcrest,philadelphia,einstein cardiology-willowcrest,pennsylvania,1-10,
united states,,zyFk9BT1DlHmxW97AOcXhAVo2IwP,hospital & health care,linkedin.com/company/dental-ceramic-arts,lauderhill,dental ceramic arts,florida,1-10,
united states,,xq0CUiEG6mCdCvXk33gN6QJVYvR2,hospital & health care,linkedin.com/company/vhs-of-illinois-inc-macneal-hospital,berwyn,vhs of illinois inc / macneal hospital,illinois,1-10,
united states,,neyCrUAEsvkjyuN0iBo0JgofVCSs,hospital & health care,linkedin.com/company/gazuntite,washington,gazuntite,district of columbia,11-50,gazuntite.com
united states,2023,BlkXIySsjeosz5CsFCFhxQTSh2h7,hospital & health care,linkedin.com/company/premier-wound-solutions,twin falls,premier wound solutions,idaho,1-10,premierwoundsolutions.com
united states,,Bg3MwpkSqaf7CQXeUcUXgQuezKCx,hospital & health care,linkedin.com/company/woodland-hills-hc-nursing-llc,little rock,woodland hills hc nursing llc,arkansas,1-10,
united states,,KlhCxoJ1YOWOBHfMmtcuegTMipUZ,hospital & health care,linkedin.com/company/occmed-colorado,thornton,occmed colorado,colorado,1-10,
united states,,c3BfSAwkVU35IaBBCxIEJg4kfdqD,hospital & health care,linkedin.com/company/horseplay-therapy-center,st. augustine,horseplay therapy center,florida,11-50,horseplaytherapy.org
united states,,BMtTRsOSBhm4TnZsCnJ2UgcMRHYL,hospital & health care,linkedin.com/company/mescalero-indian-hospital,mescalero,mescalero indian hospital,new mexico,1-10,
united states,,mahHygj2lvnkyyUDceN5mQbjY3gb,hospital & health care,linkedin.com/company/parsippany-dental-care,parsippany,parsippany dental care,new jersey,11-50,parsippanydental.com
united states,2023,y0iLURc5xrVr7p2uJ8gutwfVhqUF,hospital & health care,linkedin.com/company/sensibed-tech,austin,sensibed tech,texas,1-10,sensitech.us
united states,2017,ckqM7PPm31BNFHCLMCgq9w7hmdlr,hospital & health care,linkedin.com/company/transit-physical-therapy-pc,san bernardino,transit physical therapy,california,51-200,transitpt.com
united states,,5f9jBSSNt0zbaBBBxqoI9QUjJBwc,hospital & health care,linkedin.com/company/cynthia-bomaster,los angeles,cynthia bomaster,california,1-10,
united states,,zBIZ8rLBHvRd7DRIILn6mwbz0xHr,hospital & health care,linkedin.com/company/nebraska-surgery-center,lincoln,nebraska surgery center,nebraska,1-10,
united states,2014,NTbajy2Jgf4vbaoYTWTAzgcn36ie,hospital & health care,linkedin.com/company/care-at-home-md,beltsville,care at home,maryland,11-50,careathomemd.com
united states,2022,EXDMkmHcvym81DqnP5z6ow9ev8ts,hospital & health care,linkedin.com/company/atlasmm-llc,san clemente,"atlas medical management, llc",california,11-50,atlasmedicalmgmt.com
united states,1979,yAodqFnzngWYYwXieHeHCwq1hj14,hospital & health care,linkedin.com/company/interimcares,greenville,interim healthcare of the upstate and midlands,south carolina,501-1000,interimcares.com
united states,2009,A4nCFktfPLPPqHYFebtXFAf3gt12,hospital & health care,linkedin.com/company/circle-of-independence,oldsmar,circle of independence,florida,1-10,coillc.com
united states,,IslskQtCJgEY1iVtcSXB2App4GA7,hospital & health care,linkedin.com/company/clinton-e-weaver-dds,santa rosa,clinton e weaver dds,california,1-10,
united states,1954,F40WoahmXZ6gw3z6jU65Bg2ZP8yi,hospital & health care,linkedin.com/company/chilton-hospital,pompton plains,chilton medical center,new jersey,1001-5000,
united states,1979,RUuvJ3Ub0zeZTljek90JEwUZAHWL,hospital & health care,linkedin.com/company/women's-health-leadership-trust,minneapolis,women's health leadership trust,minnesota,201-500,whltrust.org
united states,,UlsX3YsajtKPU4LtmVehKgiGiGoy,hospital & health care,linkedin.com/company/david-k-jalen-dds,alameda,david k jalen dds,california,1-10,
united states,,RBiBpjPJ1YrzhrXIq5jfyAB9V8f3,hospital & health care,linkedin.com/company/national-center-for-disability-services,albertson,national center for disability services,new york,1-10,ncds.org
united states,,TofgdjvNQviDHSShhM3zFgZSmwCS,hospital & health care,linkedin.com/company/white-oak-family-dental,granada hills,white oak family dental,california,1-10,whiteoakfamilydentistry.com
united states,2018,NIf9JlN8tlGtIysOTebjZApKmNIk,hospital & health care,linkedin.com/company/woundtherapeutics,orlando,wound therapeutics,florida,1-10,woundtherapeutics.net
united states,,1WXWY2Nt3XFnNa3bt8JVJgBetB5w,hospital & health care,linkedin.com/company/texas-regional-physicians,houston,texas regional physicians,texas,201-500,texasregionalphysicians.com
united states,,pxCVpUgn3jIIbfDhWnGIFwwsZE4y,hospital & health care,linkedin.com/company/ivy-counseling-center-llc,colonial heights,ivy counseling center llc,virginia,1-10,ivycounselingcenter.com
united states,,2shxORrgXCdJEjX9oI3a9gG5A06t,hospital & health care,linkedin.com/company/leavenworth-council-on-aging,leavenworth,leavenworth council on aging,kansas,1-10,
united states,,kTgaTJRf72h4q67HemY12w3IQ3zO,hospital & health care,linkedin.com/company/hsc-medical,houston,hsc medical,texas,11-50,hsc.com.my
united states,2020,h3rJdZEPSsgjcOdLNQdQgwCHSsaa,hospital & health care,linkedin.com/company/pulse-recruiting,washington,pulse recruiting,district of columbia,1-10,
united states,,m7Nnp42gSbTQ5C6V7cXHQA6HbFjI,hospital & health care,linkedin.com/company/richard-d.-jelsma-md-pa,sherman,"richard d. jelsma, md, pa",texas,1-10,
united states,2012,mbDvnmvdkgYHu34w98ZTlwp3nSQV,hospital & health care,linkedin.com/company/dosemedic,franklin,the rightdose group,tennessee,1-10,rightdose.net
united states,2010,dKzbbrej9OCNQXuMEz1MSQdFYRjQ,hospital & health care,linkedin.com/company/medex-medical-transport,ahoskie,medex medical transport,north carolina,201-500,medextransport.com
united states,,UJPPnUWHHKRkclCDItfBGQ2nEfSS,hospital & health care,linkedin.com/company/mountain-top-healthcare-and-rehabilitation-center,mountain top,mountain top healthcare and rehabilitation center,pennsylvania,51-200,
united states,,lWFgKTiEJdCTnufTSgfR2wTMfKx8,hospital & health care,linkedin.com/company/pantry-of-angels,lindley,pantry of angels,new york,1-10,
united states,,gaGGZtHdizqf2wqd4mKBKgJO4FhN,hospital & health care,linkedin.com/company/family-physicians-clinic,mcallen,family physicians clinic,texas,11-50,familyphysiciansclinic.com
united states,1998,v7Cf69SdTYqcCCB7S0foJAlI47VB,hospital & health care,linkedin.com/company/integrated-services-for-behavioral-health,athens,integrated services for behavioral health,ohio,501-1000,integratedservice.org
united states,,EFxBKdVddeJEiN3ee7J09QH3nWSA,hospital & health care,linkedin.com/company/dinwiddie-health-care-llc,roanoke,dinwiddie health care llc,virginia,1-10,
united states,,MciHW54UQSDCsB7P5aXR2ApAQVUq,hospital & health care,linkedin.com/company/verber-advanced-dental-institute,camp hill,verber advanced dental institute,pennsylvania,11-50,verberinstitute.com
united states,2022,1euF5HLSKAz3gYJEJFzDZgxtfXNd,hospital & health care,linkedin.com/company/prestige-health,chicago,prestige health,illinois,1-10,prestigehealth.com
united states,,koordbA2ExrICKud1CunwgrNJWYO,hospital & health care,linkedin.com/company/solvang-friendship-house,solvang,solvang friendship house,california,1-10,solvangfriendshiphouse.com
united states,,hHExMIuIvBGBjfhVy2yhHwOo2eFU,hospital & health care,linkedin.com/company/bell-minor-home-inc-,gainesville,"bell-minor home inc,",georgia,1-10,
united states,,jEIJ1bAQ6hfDuSbmUbJTBg67W6wp,hospital & health care,linkedin.com/company/harmons-bbq,cibolo,harmons bbq,texas,1-10,harmonsbbq.com
united states,,Dn6OqXQY7S5z0CxG5zjlzAW50bI0,hospital & health care,linkedin.com/company/east-end-driving-school-inc,riverhead,east end driving school inc,new york,1-10,eastenddrivingschoolli.com
united states,1944,yBOkJ8M2kC91eOWUebBYqQAIJwBA,hospital & health care,linkedin.com/company/phillips-county-hospital-association,malta,phillips county hospital association,montana,51-200,
united states,1987,xSvrXFI3bBMDMbqGgPCuwQl54ycF,hospital & health care,linkedin.com/company/nschi,salem,north shore community health,massachusetts,51-200,nschi.org
united states,2009,vTbOGHbJdRhQWYfDb9sPtQHils1U,hospital & health care,linkedin.com/company/first-surgery-suites-new-private-outpatient-surgery-center-,sulphur springs,"first surgery suites (new, private outpatient surgery center)",texas,11-50,firstsurgerysuites.com
